{
  "id": "HBM739.CHRX.338",
  "handler": "hubmap",
  "organ": "UBERON:0000059",
  "organ_source": "LI",
  "uuid": "71477f504b0069828a368009fa3ab1ad",
  "assay_type": "salmon_rnaseq_10x",
  "dataset_id": "https://entity.api.hubmapconsortium.org/entities/71477f504b0069828a368009fa3ab1ad",
  "dataset_link": "https://portal.hubmapconsortium.org/browse/dataset/71477f504b0069828a368009fa3ab1ad",
  "dataset_technology": "OTHER",
  "dataset_info": "salmon_rnaseq_10x__a04d0138ed6b28810c5afa01d392bbd5__salmon-rnaseq",
  "consortium_name": "HuBMAP",
  "provider_name": "Stanford TMC",
  "provider_uuid": "def5fd76-ed43-11e8-b56a-0e8017bdda58",
  "donor_id": "https://entity.api.hubmapconsortium.org/entities/be425f8a2963dda1d3a7a0c79de5e466",
  "donor_age": 24,
  "donor_sex": "Female",
  "donor_bmi": 23.2,
  "donor_race": "White",
  "organ_id": "http://purl.obolibrary.org/obo/UBERON_0000059",
  "block_id": "https://entity.api.hubmapconsortium.org/entities/539f15ce78fc8696e99c9d575be864be",
  "section_id": "",
  "rui_location": {
    "@context": "https://hubmapconsortium.github.io/hubmap-ontology/ccf-context.jsonld",
    "@id": "http://purl.org/ccf/1.5/3425fa0c-c5cb-4493-b6ba-41520334b13e",
    "@type": "SpatialEntity",
    "ccf_annotations": [
      "http://purl.obolibrary.org/obo/UBERON_0001156"
    ],
    "creation_date": "2022-02-16",
    "creator": "Yiing Lin",
    "creator_first_name": "Yiing",
    "creator_last_name": "Lin",
    "dimension_units": "millimeter",
    "placement": {
      "@context": "https://hubmapconsortium.github.io/hubmap-ontology/ccf-context.jsonld",
      "@id": "http://purl.org/ccf/1.5/3425fa0c-c5cb-4493-b6ba-41520334b13e_placement",
      "@type": "SpatialPlacement",
      "placement_date": "2022-02-16",
      "rotation_order": "XYZ",
      "rotation_units": "degree",
      "scaling_units": "ratio",
      "target": "http://purl.org/ccf/latest/ccf.owl#VHFLargeIntestine",
      "translation_units": "millimeter",
      "x_rotation": -18,
      "x_scaling": 1,
      "x_translation": 6.59,
      "y_rotation": 90,
      "y_scaling": 1,
      "y_translation": 170.113,
      "z_rotation": 0,
      "z_scaling": 1,
      "z_translation": 100.398
    },
    "slice_count": 1,
    "slice_thickness": 1,
    "x_dimension": 20,
    "y_dimension": 50,
    "z_dimension": 5
  },
  "dataset_cell_count": 1672,
  "dataset_gene_count": 60286
}