{
    "input_file": "/var/lib/cwl/stgb3310074-fcc8-49a5-b02c-7100ecec44d8/data.h5ad",
    "total_cells": 1783,
    "low_quality_cells": 21,
    "percent_low_quality": 1.18,
    "mean_pct_counts_mt": 0.0,
    "mean_pct_counts_ribo": 0.0,
    "thresholds": {
        "min_genes": 200,
        "max_genes": 7500,
        "max_mt": 5.0,
        "min_ribo": null,
        "mt_prefix": "MT-",
        "ribo_prefixes": [
            "RPS",
            "RPL"
        ]
    },
    "files": {
        "qc_per_cell_csv": "qc_results/qc_per_cell.csv",
        "qc_summary_csv": "qc_results/qc_summary.csv"
    }
}