{
  "id": "HBM262.LMHQ.472",
  "handler": "hubmap",
  "organ": "UBERON:0001255",
  "organ_source": "BL",
  "uuid": "4b3d4efca2e64a650e943c7bf63f9830",
  "assay_type": "salmon_rnaseq_10x_sn",
  "dataset_id": "https://entity.api.hubmapconsortium.org/entities/4b3d4efca2e64a650e943c7bf63f9830",
  "dataset_link": "https://portal.hubmapconsortium.org/browse/dataset/4b3d4efca2e64a650e943c7bf63f9830",
  "dataset_technology": "OTHER",
  "dataset_info": "salmon_rnaseq_10x_sn__e013a315ec899729c851bb915a300b00__salmon-rnaseq",
  "consortium_name": "HuBMAP",
  "provider_name": "University of California San Diego TMC",
  "provider_uuid": "03b3d854-ed44-11e8-8bce-0e368f3075e8",
  "donor_id": "https://entity.api.hubmapconsortium.org/entities/71c1f683d10435a3d9cbb7f6052d3900",
  "donor_age": 25,
  "donor_sex": "Male",
  "donor_bmi": 29.2,
  "donor_race": "White",
  "organ_id": "http://purl.obolibrary.org/obo/UBERON_0001255",
  "block_id": "https://entity.api.hubmapconsortium.org/entities/2e398e91f1336b6701a851e44859faa9",
  "section_id": "https://entity.api.hubmapconsortium.org/entities/b3c28a468b99b89af6430e2b53f2557f",
  "rui_location": {
    "@context": "https://hubmapconsortium.github.io/ccf-ontology/ccf-context.jsonld",
    "@id": "http://purl.org/ccf/1.5/e43280c9-840b-481f-a8a6-90114c2c5cc9",
    "@type": "SpatialEntity",
    "ccf_annotations": [
      "http://purl.obolibrary.org/obo/UBERON_0006082",
      "http://purl.obolibrary.org/obo/UBERON_0001257"
    ],
    "creation_date": "2024-03-29",
    "creator": "Amanda Knoten",
    "creator_first_name": "Amanda",
    "creator_last_name": "Knoten",
    "dimension_units": "millimeter",
    "placement": {
      "@context": "https://hubmapconsortium.github.io/ccf-ontology/ccf-context.jsonld",
      "@id": "http://purl.org/ccf/1.5/e43280c9-840b-481f-a8a6-90114c2c5cc9_placement",
      "@type": "SpatialPlacement",
      "placement_date": "2024-03-29",
      "rotation_order": "XYZ",
      "rotation_units": "degree",
      "scaling_units": "ratio",
      "target": "http://purl.org/ccf/latest/ccf.owl#VHMUrinaryBladder",
      "translation_units": "millimeter",
      "x_rotation": 0,
      "x_scaling": 1,
      "x_translation": 46.218,
      "y_rotation": 0,
      "y_scaling": 1,
      "y_translation": 13.627,
      "z_rotation": 0,
      "z_scaling": 1,
      "z_translation": 38.657
    },
    "x_dimension": 5,
    "y_dimension": 5,
    "z_dimension": 5
  },
  "dataset_cell_count": 8993,
  "dataset_gene_count": 60286
}