{
    "input_file": "/var/lib/cwl/stge3d5e649-f9ff-44d2-9acf-5b531649bdb5/data.h5ad",
    "total_cells": 12989,
    "low_quality_cells": 308,
    "percent_low_quality": 2.37,
    "mean_pct_counts_mt": 0.0,
    "mean_pct_counts_ribo": 0.0,
    "thresholds": {
        "min_genes": 200,
        "max_genes": 7500,
        "max_mt": 5.0,
        "min_ribo": null,
        "mt_prefix": "MT-",
        "ribo_prefixes": [
            "RPS",
            "RPL"
        ]
    },
    "files": {
        "qc_per_cell_csv": "qc_results/qc_per_cell.csv",
        "qc_summary_csv": "qc_results/qc_summary.csv"
    }
}