{
    "input_file": "/var/lib/cwl/stg5949b6be-8beb-4259-9999-4d2360d6e7ca/data.h5ad",
    "total_cells": 8688,
    "low_quality_cells": 3,
    "percent_low_quality": 0.03,
    "mean_pct_counts_mt": 0.0,
    "mean_pct_counts_ribo": 0.0,
    "thresholds": {
        "min_genes": 200,
        "max_genes": 7500,
        "max_mt": 5.0,
        "min_ribo": null,
        "mt_prefix": "MT-",
        "ribo_prefixes": [
            "RPS",
            "RPL"
        ]
    },
    "files": {
        "qc_per_cell_csv": "qc_results/qc_per_cell.csv",
        "qc_summary_csv": "qc_results/qc_summary.csv"
    }
}