{
  "id": "HBM522.FTFK.487",
  "handler": "hubmap",
  "organ": "UBERON:0002113",
  "organ_source": "RK",
  "uuid": "1ea6c0ac5ba60fe35bf63af8699b6fbe",
  "assay_type": "salmon_rnaseq_10x_sn",
  "dataset_id": "https://entity.api.hubmapconsortium.org/entities/1ea6c0ac5ba60fe35bf63af8699b6fbe",
  "dataset_link": "https://portal.hubmapconsortium.org/browse/dataset/1ea6c0ac5ba60fe35bf63af8699b6fbe",
  "dataset_technology": "OTHER",
  "dataset_info": "salmon_rnaseq_10x_sn__bb3a9e86f6ccd6829a20960545f3ad9b__salmon-rnaseq",
  "consortium_name": "HuBMAP",
  "provider_name": "University of California San Diego TMC",
  "provider_uuid": "03b3d854-ed44-11e8-8bce-0e368f3075e8",
  "donor_id": "https://entity.api.hubmapconsortium.org/entities/1e0b527a436936050455fe755dfbaba2",
  "donor_age": 67,
  "donor_sex": "Male",
  "donor_bmi": 32.14,
  "donor_race": "White",
  "organ_id": "http://purl.obolibrary.org/obo/UBERON_0002113",
  "block_id": "https://entity.api.hubmapconsortium.org/entities/acb712bf26d8fe7d49db26e3f7b702b9",
  "section_id": "https://entity.api.hubmapconsortium.org/entities/98ae4752fe00ceefce6963ca42e71761",
  "rui_location": {
    "@context": "https://hubmapconsortium.github.io/ccf-ontology/ccf-context.jsonld",
    "@id": "http://purl.org/ccf/1.5/8d8bb4f2-5f5f-4dd2-9b29-70bff427b564",
    "@type": "SpatialEntity",
    "ccf_annotations": [
      "http://purl.obolibrary.org/obo/UBERON_0001222"
    ],
    "creation_date": "2024-03-29",
    "creator": "Amanda Knoten",
    "creator_first_name": "Amanda",
    "creator_last_name": "Knoten",
    "dimension_units": "millimeter",
    "placement": {
      "@context": "https://hubmapconsortium.github.io/ccf-ontology/ccf-context.jsonld",
      "@id": "http://purl.org/ccf/1.5/8d8bb4f2-5f5f-4dd2-9b29-70bff427b564_placement",
      "@type": "SpatialPlacement",
      "placement_date": "2024-03-29",
      "rotation_order": "XYZ",
      "rotation_units": "degree",
      "scaling_units": "ratio",
      "target": "http://purl.org/ccf/latest/ccf.owl#VHMRightUreter",
      "translation_units": "millimeter",
      "x_rotation": 0,
      "x_scaling": 1,
      "x_translation": 10.452,
      "y_rotation": 0,
      "y_scaling": 1,
      "y_translation": 26.851,
      "z_rotation": 0,
      "z_scaling": 1,
      "z_translation": 2.869
    },
    "x_dimension": 2,
    "y_dimension": 2,
    "z_dimension": 2
  },
  "dataset_cell_count": 6999,
  "dataset_gene_count": 60286
}