{
    "input_file": "/var/lib/cwl/stg65be8929-c6d3-43cd-bf8a-1af4277a2d27/data.h5ad",
    "total_cells": 12000,
    "low_quality_cells": 22,
    "percent_low_quality": 0.18,
    "mean_pct_counts_mt": 0.0,
    "mean_pct_counts_ribo": 0.0,
    "thresholds": {
        "min_genes": 200,
        "max_genes": 7500,
        "max_mt": 5.0,
        "min_ribo": null,
        "mt_prefix": "MT-",
        "ribo_prefixes": [
            "RPS",
            "RPL"
        ]
    },
    "files": {
        "qc_per_cell_csv": "qc_results/qc_per_cell.csv",
        "qc_summary_csv": "qc_results/qc_summary.csv"
    }
}