{
    "input_file": "/var/lib/cwl/stgad66a606-928a-458c-98c2-36c6dbfa748b/data.h5ad",
    "total_cells": 34304,
    "low_quality_cells": 15766,
    "percent_low_quality": 45.96,
    "mean_pct_counts_mt": 0.0,
    "mean_pct_counts_ribo": 0.0,
    "thresholds": {
        "min_genes": 200,
        "max_genes": 7500,
        "max_mt": 5.0,
        "min_ribo": null,
        "mt_prefix": "MT-",
        "ribo_prefixes": [
            "RPS",
            "RPL"
        ]
    },
    "files": {
        "qc_per_cell_csv": "qc_results/qc_per_cell.csv",
        "qc_summary_csv": "qc_results/qc_summary.csv"
    }
}