{
  "id": "HBM324.XBMF.465",
  "handler": "hubmap",
  "organ": "UBERON:0002113",
  "organ_source": "LK",
  "uuid": "fe0ded5fc0355c95239f9c040dd31e99",
  "assay_type": "salmon_rnaseq_10x_sn",
  "dataset_id": "https://entity.api.hubmapconsortium.org/entities/fe0ded5fc0355c95239f9c040dd31e99",
  "dataset_link": "https://portal.hubmapconsortium.org/browse/dataset/fe0ded5fc0355c95239f9c040dd31e99",
  "dataset_technology": "OTHER",
  "dataset_info": "salmon_rnaseq_10x_sn__f70d71db827901040b76926a9116bcb2__salmon-rnaseq",
  "consortium_name": "HuBMAP",
  "provider_name": "University of California San Diego TMC",
  "provider_uuid": "03b3d854-ed44-11e8-8bce-0e368f3075e8",
  "donor_id": "https://entity.api.hubmapconsortium.org/entities/7525aa868f2f7d2508f0e24b18a2b1b0",
  "donor_age": 56,
  "donor_sex": "Male",
  "donor_bmi": 27.7,
  "donor_race": "Black or African American",
  "organ_id": "http://purl.obolibrary.org/obo/UBERON_0002113",
  "block_id": "https://entity.api.hubmapconsortium.org/entities/bc7d5947e9913136c91776544a0f52d8",
  "section_id": "https://entity.api.hubmapconsortium.org/entities/e1370ef04a17eeed73287502450da02d",
  "rui_location": {
    "@context": "https://hubmapconsortium.github.io/hubmap-ontology/ccf-context.jsonld",
    "@id": "http://purl.org/ccf/1.5/7f7fe1b0-d9f6-48c2-a304-2ea5874c7392",
    "@type": "SpatialEntity",
    "ccf_annotations": [
      "http://purl.obolibrary.org/obo/UBERON_0008716",
      "http://purl.obolibrary.org/obo/UBERON_0000362",
      "http://purl.obolibrary.org/obo/UBERON_0001284",
      "http://purl.obolibrary.org/obo/UBERON_0004200"
    ],
    "creation_date": "2022-06-09",
    "creator": "Amanda Knoten",
    "creator_first_name": "Amanda",
    "creator_last_name": "Knoten",
    "dimension_units": "millimeter",
    "placement": {
      "@context": "https://hubmapconsortium.github.io/hubmap-ontology/ccf-context.jsonld",
      "@id": "http://purl.org/ccf/1.5/7f7fe1b0-d9f6-48c2-a304-2ea5874c7392_placement",
      "@type": "SpatialPlacement",
      "placement_date": "2022-06-09",
      "rotation_order": "XYZ",
      "rotation_units": "degree",
      "scaling_units": "ratio",
      "target": "http://purl.org/ccf/latest/ccf.owl#VHMLeftKidney",
      "translation_units": "millimeter",
      "x_rotation": -44,
      "x_scaling": 1,
      "x_translation": 9.489,
      "y_rotation": 36,
      "y_scaling": 1,
      "y_translation": 83.715,
      "z_rotation": 19,
      "z_scaling": 1,
      "z_translation": 41.715
    },
    "x_dimension": 3,
    "y_dimension": 5,
    "z_dimension": 2
  },
  "dataset_cell_count": 3000,
  "dataset_gene_count": 60286
}