{
    "input_file": "/var/lib/cwl/stg8eadc928-8f25-4183-bb72-90b1c15c32b9/data.h5ad",
    "total_cells": 13000,
    "low_quality_cells": 758,
    "percent_low_quality": 5.83,
    "mean_pct_counts_mt": 0.0,
    "mean_pct_counts_ribo": 0.0,
    "thresholds": {
        "min_genes": 200,
        "max_genes": 7500,
        "max_mt": 5.0,
        "min_ribo": null,
        "mt_prefix": "MT-",
        "ribo_prefixes": [
            "RPS",
            "RPL"
        ]
    },
    "files": {
        "qc_per_cell_csv": "qc_results/qc_per_cell.csv",
        "qc_summary_csv": "qc_results/qc_summary.csv"
    }
}