{
    "input_file": "/var/lib/cwl/stg415769cc-b89e-4d9d-9671-044dc65be35e/data.h5ad",
    "total_cells": 17602,
    "low_quality_cells": 7801,
    "percent_low_quality": 44.32,
    "mean_pct_counts_mt": 0.0,
    "mean_pct_counts_ribo": 0.0,
    "thresholds": {
        "min_genes": 200,
        "max_genes": 7500,
        "max_mt": 5.0,
        "min_ribo": null,
        "mt_prefix": "MT-",
        "ribo_prefixes": [
            "RPS",
            "RPL"
        ]
    },
    "files": {
        "qc_per_cell_csv": "qc_results/qc_per_cell.csv",
        "qc_summary_csv": "qc_results/qc_summary.csv"
    }
}