{
  "id": "GTEX-1R9PN-5002-SM-HD2MC",
  "handler": "gtex",
  "organ": "UBERON:0001911",
  "dataset_id": "https://doi.org/10.1126/science.abl4290#GTEX-1R9PN-5002-SM-HD2MC",
  "publication": "https://doi.org/10.1126/science.abl4290",
  "publication_title": "Single-nucleus cross-tissue molecular reference maps toward understanding disease gene function",
  "publication_lead_author": "Gökcen Eraslan",
  "consortium_name": "GTEx",
  "provider_name": "GTEx",
  "provider_uuid": "083882bb-6cc6-4c12-a205-eac37c1a2640",
  "dataset_link": "https://gtexportal.org/home/singleCellOverviewPage",
  "dataset_technology": "OTHER",
  "organ_source": "Breast",
  "organ_id": "http://purl.obolibrary.org/obo/UBERON_0001911",
  "donor_sex": "Female",
  "donor_age_bin": "41-50",
  "donor_id": "https://doi.org/10.1126/science.abl4290#GTEX-1R9PN",
  "dataset_cell_count": 5990,
  "dataset_gene_count": 17695,
  "block_id": "https://doi.org/10.1126/science.abl4290#GTEX-1R9PN-5002-SM-HD2MC_TissueBlock",
  "rui_location": "{\"@context\":\"https://hubmapconsortium.github.io/ccf-ontology/ccf-context.jsonld\",\"@id\":\"http://purl.org/ccf/1.5/3b5d2036-3c56-4cf8-808f-462c9e3681e5\",\"@type\":\"SpatialEntity\",\"creator\":\"Kristin Ardlie\",\"creator_first_name\":\"Kristin\",\"creator_last_name\":\"Ardlie\",\"creation_date\":\"2023-02-03\",\"ccf_annotations\":[\"http://purl.org/sig/ont/fma/fma73165\",\"http://purl.org/sig/ont/fma/fma58088\",\"http://purl.org/sig/ont/fma/fma62102\",\"http://purl.obolibrary.org/obo/UBERON_0018140\",\"http://purl.org/sig/ont/fma/fma73118\"],\"x_dimension\":10,\"y_dimension\":10,\"z_dimension\":4,\"dimension_units\":\"millimeter\",\"placement\":{\"@context\":\"https://hubmapconsortium.github.io/ccf-ontology/ccf-context.jsonld\",\"@id\":\"http://purl.org/ccf/1.5/3b5d2036-3c56-4cf8-808f-462c9e3681e5_placement\",\"@type\":\"SpatialPlacement\",\"placement_date\":\"2023-02-03\",\"x_scaling\":1,\"y_scaling\":1,\"z_scaling\":1,\"scaling_units\":\"ratio\",\"x_rotation\":0,\"y_rotation\":0,\"z_rotation\":0,\"rotation_order\":\"XYZ\",\"rotation_units\":\"degree\",\"x_translation\":39.809,\"y_translation\":46.002,\"z_translation\":93.095,\"translation_units\":\"millimeter\",\"target\":\"http://purl.org/ccf/latest/ccf.owl#VHFRightMammaryGland\"}}"
}