{
    "input_file": "/var/lib/cwl/stg7e64b04c-5fe7-468b-bbed-21610754fced/data.h5ad",
    "total_cells": 29295,
    "low_quality_cells": 12882,
    "percent_low_quality": 43.97,
    "mean_pct_counts_mt": 0.0,
    "mean_pct_counts_ribo": 0.0,
    "thresholds": {
        "min_genes": 200,
        "max_genes": 7500,
        "max_mt": 5.0,
        "min_ribo": null,
        "mt_prefix": "MT-",
        "ribo_prefixes": [
            "RPS",
            "RPL"
        ]
    },
    "files": {
        "qc_per_cell_csv": "qc_results/qc_per_cell.csv",
        "qc_summary_csv": "qc_results/qc_summary.csv"
    }
}