{
  "id": "HBM248.VZRB.728",
  "handler": "hubmap",
  "organ": "UBERON:0002108",
  "organ_source": "SI",
  "uuid": "f85a3bfcde06f603102506c851dd76a0",
  "assay_type": "salmon_rnaseq_10x_sn",
  "dataset_id": "https://entity.api.hubmapconsortium.org/entities/f85a3bfcde06f603102506c851dd76a0",
  "dataset_link": "https://portal.hubmapconsortium.org/browse/dataset/f85a3bfcde06f603102506c851dd76a0",
  "dataset_technology": "OTHER",
  "dataset_info": "salmon_rnaseq_10x_sn__64e3949e4a4cc433e64745204f20fe27__salmon-rnaseq",
  "consortium_name": "HuBMAP",
  "provider_name": "Stanford TMC",
  "provider_uuid": "def5fd76-ed43-11e8-b56a-0e8017bdda58",
  "donor_id": "https://entity.api.hubmapconsortium.org/entities/4102d375082e94a2d4d0df1f49dcc37c",
  "donor_age": 30,
  "donor_sex": "Male",
  "donor_bmi": 27.9,
  "donor_race": "White",
  "organ_id": "http://purl.obolibrary.org/obo/UBERON_0002108",
  "block_id": "https://entity.api.hubmapconsortium.org/entities/4d09d8397267240454e948505d22b5ff",
  "section_id": "",
  "rui_location": {
    "@context": "https://hubmapconsortium.github.io/hubmap-ontology/ccf-context.jsonld",
    "@id": "http://purl.org/ccf/1.5/d9aed544-4c6e-42c2-a137-9a9381d8f8c8",
    "@type": "SpatialEntity",
    "ccf_annotations": [
      "http://purl.obolibrary.org/obo/UBERON_0002114",
      "http://purl.obolibrary.org/obo/FMA_14926",
      "http://purl.obolibrary.org/obo/FMA_14928",
      "http://purl.obolibrary.org/obo/FMA_15077",
      "http://purl.obolibrary.org/obo/FMA_14930",
      "http://purl.obolibrary.org/obo/FMA_14929",
      "http://purl.obolibrary.org/obo/UBERON_0002115",
      "http://purl.obolibrary.org/obo/UBERON_0004914"
    ],
    "creation_date": "2022-06-08",
    "creator": "Yiing Lin",
    "creator_first_name": "Yiing",
    "creator_last_name": "Lin",
    "dimension_units": "millimeter",
    "placement": {
      "@context": "https://hubmapconsortium.github.io/hubmap-ontology/ccf-context.jsonld",
      "@id": "http://purl.org/ccf/1.5/d9aed544-4c6e-42c2-a137-9a9381d8f8c8_placement",
      "@type": "SpatialPlacement",
      "placement_date": "2022-06-08",
      "rotation_order": "XYZ",
      "rotation_units": "degree",
      "scaling_units": "ratio",
      "target": "http://purl.org/ccf/latest/ccf.owl#VHMSmallIntestine",
      "translation_units": "millimeter",
      "x_rotation": 0,
      "x_scaling": 1,
      "x_translation": 68.784,
      "y_rotation": 0,
      "y_scaling": 1,
      "y_translation": 188.764,
      "z_rotation": 122,
      "z_scaling": 1,
      "z_translation": 31.088
    },
    "x_dimension": 3,
    "y_dimension": 30,
    "z_dimension": 15
  },
  "dataset_cell_count": 5929,
  "dataset_gene_count": 60286
}