{
  "id": "HBM893.JVLB.845",
  "handler": "hubmap",
  "organ": "UBERON:0000948",
  "organ_source": "HT",
  "uuid": "4c435d2297941eafda7fe30f327f88ec",
  "assay_type": "salmon_rnaseq_10x_sn",
  "dataset_id": "https://entity.api.hubmapconsortium.org/entities/4c435d2297941eafda7fe30f327f88ec",
  "dataset_link": "https://portal.hubmapconsortium.org/browse/dataset/4c435d2297941eafda7fe30f327f88ec",
  "dataset_technology": "OTHER",
  "dataset_info": "salmon_rnaseq_10x_sn__3eb2ebe44756a1a9cd244d8c9507fc7b__salmon-rnaseq",
  "consortium_name": "HuBMAP",
  "provider_name": "Stanford TMC",
  "provider_uuid": "def5fd76-ed43-11e8-b56a-0e8017bdda58",
  "donor_id": "https://entity.api.hubmapconsortium.org/entities/da320fb2114ed3535ae97dde9abd7475",
  "donor_age": 61,
  "donor_sex": "Male",
  "donor_bmi": 31.1,
  "donor_race": "White",
  "organ_id": "http://purl.obolibrary.org/obo/UBERON_0000948",
  "block_id": "https://entity.api.hubmapconsortium.org/entities/e9b990a54c0dbd47ea9504f06934dc0f",
  "section_id": "",
  "rui_location": {
    "@context": "https://hubmapconsortium.github.io/hubmap-ontology/ccf-context.jsonld",
    "@id": "http://purl.org/ccf/1.5/a0ff0780-d666-42fe-8068-a3b41b1c6aa0",
    "@type": "SpatialEntity",
    "ccf_annotations": [
      "http://purl.obolibrary.org/obo/UBERON_0002494",
      "http://purl.org/sig/ont/fma/fma72655",
      "http://purl.obolibrary.org/obo/UBERON_0002080",
      "http://purl.obolibrary.org/obo/UBERON_0002094",
      "http://purl.obolibrary.org/obo/UBERON_0002084"
    ],
    "creation_date": "2021-09-24",
    "creator": "Andreas Bueckle",
    "creator_first_name": "Andreas",
    "creator_last_name": "Bueckle",
    "dimension_units": "millimeter",
    "placement": {
      "@context": "https://hubmapconsortium.github.io/hubmap-ontology/ccf-context.jsonld",
      "@id": "http://purl.org/ccf/1.5/a0ff0780-d666-42fe-8068-a3b41b1c6aa0_placement",
      "@type": "SpatialPlacement",
      "placement_date": "2021-09-24",
      "rotation_order": "XYZ",
      "rotation_units": "degree",
      "scaling_units": "ratio",
      "target": "http://purl.org/ccf/latest/ccf.owl#VHMHeart",
      "translation_units": "millimeter",
      "x_rotation": 41,
      "x_scaling": 1,
      "x_translation": 102.382,
      "y_rotation": 12,
      "y_scaling": 1,
      "y_translation": 54.602,
      "z_rotation": -25,
      "z_scaling": 1,
      "z_translation": 69.821
    },
    "x_dimension": 10,
    "y_dimension": 16,
    "z_dimension": 10
  },
  "dataset_cell_count": 14298,
  "dataset_gene_count": 60286
}