{
  "id": "https://api.cellxgene.cziscience.com/dp/v1/collections/b52eb423-5d0d-4645-b217-e1c6d38b2e72#D5$left%20cardiac%20atrium",
  "handler": "cellxgene",
  "organ": "UBERON:0000948",
  "collection": "b52eb423-5d0d-4645-b217-e1c6d38b2e72",
  "donor": "D5",
  "tissue": "left cardiac atrium",
  "assets": [
    {
      "id": "c0b227e8-200c-4166-a11a-3bfcfb6a4c14",
      "dataset": "52b5a433-92d8-40a4-acb7-1ceda75075da"
    }
  ],
  "tissueId": "UBERON:0002079",
  "dataset_link": "https://cellxgene.cziscience.com/collections/b52eb423-5d0d-4645-b217-e1c6d38b2e72",
  "dataset_technology": "OTHER",
  "publication": "https://doi.org/10.1038/s41586-020-2797-4",
  "publication_title": "Cells of the adult human heart",
  "publication_lead_author": "Monika Litviňuková",
  "consortium_name": "CxG",
  "provider_name": "CxG",
  "provider_uuid": "f6841a8a-cef2-4421-b632-fc34ff5c27d8",
  "assay_type": "[{\"label\":\"10x 3' v2\",\"ontology_term_id\":\"EFO:0009899\"},{\"label\":\"10x 3' v3\",\"ontology_term_id\":\"EFO:0009922\"}]",
  "donor_id": "https://api.cellxgene.cziscience.com/dp/v1/collections/b52eb423-5d0d-4645-b217-e1c6d38b2e72#D5",
  "organ_id": "http://purl.obolibrary.org/obo/UBERON_0000948",
  "block_id": "https://api.cellxgene.cziscience.com/dp/v1/collections/b52eb423-5d0d-4645-b217-e1c6d38b2e72#D5$left%20cardiac%20atrium_Block",
  "dataset_id": "https://api.cellxgene.cziscience.com/dp/v1/collections/b52eb423-5d0d-4645-b217-e1c6d38b2e72#D5$left%20cardiac%20atrium",
  "donor_sex": "female",
  "donor_development_stage": "seventh decade stage",
  "donor_race": "European",
  "dataset_cell_count": 5052,
  "dataset_gene_count": 33145
}