{
  "id": "SNT933.NCMX.273",
  "handler": "sennet",
  "organ": "UBERON:0002107",
  "organ_source": "LV",
  "uuid": "55b89760a86cf5097aeac1d22e72c406",
  "assay_type": "salmon_rnaseq_10x_sn",
  "dataset_id": "https://entity.api.sennetconsortium.org/entities/55b89760a86cf5097aeac1d22e72c406",
  "dataset_link": "https://data.sennetconsortium.org/dataset?uuid=55b89760a86cf5097aeac1d22e72c406",
  "dataset_technology": "OTHER",
  "dataset_info": "salmon_rnaseq_10x_sn__87371f5175398469f6333bcf5f6aca8c__salmon-rnaseq",
  "consortium_name": "SenNet",
  "provider_name": "TMC - Washington University",
  "provider_uuid": "0ebc13fb-ee72-11ec-87fd-31892bd489e1",
  "donor_id": "https://entity.api.sennetconsortium.org/entities/a85236c4ccf27d67dff6b317fefa3084",
  "donor_age": 69,
  "donor_sex": "Female",
  "donor_bmi": 25.42,
  "donor_race": "White",
  "organ_id": "http://purl.obolibrary.org/obo/UBERON_0002107",
  "block_id": "https://entity.api.sennetconsortium.org/entities/9aad15d7421db40f602d0b8d494f95fe",
  "section_id": "https://entity.api.sennetconsortium.org/entities/7bbe70c6d149d7e6a61df0a238ab98b1",
  "rui_location": {
    "@context": "https://hubmapconsortium.github.io/ccf-ontology/ccf-context.jsonld",
    "@id": "http://purl.org/ccf/1.5/8eea8795-2c2f-4811-bf19-ceff62be1128",
    "@type": "SpatialEntity",
    "ccf_annotations": [
      "http://purl.obolibrary.org/obo/UBERON_0016479",
      "http://purl.obolibrary.org/obo/UBERON_0006727"
    ],
    "creation_date": "2023-05-11",
    "creator": "Matthew Wyczalkowski",
    "creator_first_name": "Matthew",
    "creator_last_name": "Wyczalkowski",
    "dimension_units": "millimeter",
    "placement": {
      "@context": "https://hubmapconsortium.github.io/ccf-ontology/ccf-context.jsonld",
      "@id": "http://purl.org/ccf/1.5/8eea8795-2c2f-4811-bf19-ceff62be1128_placement",
      "@type": "SpatialPlacement",
      "placement_date": "2023-05-11",
      "rotation_order": "XYZ",
      "rotation_units": "degree",
      "scaling_units": "ratio",
      "target": "http://purl.org/ccf/latest/ccf.owl#VHMLiver",
      "translation_units": "millimeter",
      "x_rotation": 0,
      "x_scaling": 1,
      "x_translation": 129.547,
      "y_rotation": 0,
      "y_scaling": 1,
      "y_translation": 75.445,
      "z_rotation": 0,
      "z_scaling": 1,
      "z_translation": 182.878
    },
    "x_dimension": 20,
    "y_dimension": 15,
    "z_dimension": 10
  },
  "dataset_cell_count": 11000,
  "dataset_gene_count": 60286
}