{
  "id": "SNT375.SVHW.887",
  "handler": "sennet",
  "organ": "UBERON:0002048",
  "organ_source": "LL",
  "uuid": "778271a748773221631871e98e40759c",
  "assay_type": "salmon_rnaseq_10x_v2_sn",
  "dataset_id": "https://entity.api.sennetconsortium.org/entities/778271a748773221631871e98e40759c",
  "dataset_link": "https://data.sennetconsortium.org/dataset?uuid=778271a748773221631871e98e40759c",
  "dataset_technology": "OTHER",
  "dataset_info": "salmon_rnaseq_10x_v2_sn__0c70552e21f1833533855fc6d22ecdd6__salmon-rnaseq",
  "consortium_name": "SenNet",
  "provider_name": "TMC - University of Pittsburgh",
  "provider_uuid": "28db7a2b-ed8a-11ec-8b0a-9fe9b51132b1",
  "donor_id": "https://entity.api.sennetconsortium.org/entities/53be6c8c8c936488d877d2c388dccdae",
  "donor_age": 56,
  "donor_sex": "Female",
  "donor_bmi": 38.293,
  "donor_race": "Black or African American",
  "organ_id": "http://purl.obolibrary.org/obo/UBERON_0002048",
  "block_id": "https://entity.api.sennetconsortium.org/entities/f7558bbb4846fccf42978804f4e7a450",
  "section_id": "https://entity.api.sennetconsortium.org/entities/f2a23cdb5eb15d6842f26d552f50b6b0",
  "rui_location": {
    "@context": "https://hubmapconsortium.github.io/ccf-ontology/ccf-context.jsonld",
    "@id": "http://purl.org/ccf/1.5/049f27a1-1e84-4f8a-a47e-48a0879b8652",
    "@type": "SpatialEntity",
    "ccf_annotations": [
      "http://purl.obolibrary.org/obo/UBERON_0002048",
      "http://purl.obolibrary.org/obo/UBERON_0002168",
      "http://purl.obolibrary.org/obo/UBERON_0008952",
      "http://purl.obolibrary.org/obo/UBERON_0008953",
      "http://purl.org/sig/ont/fma/fma7379",
      "http://purl.org/sig/ont/fma/fma7508",
      "http://purl.obolibrary.org/obo/UBERON_0002185",
      "http://purl.org/sig/ont/fma/fma62662",
      "http://purl.obolibrary.org/obo/UBERON_0002184"
    ],
    "creation_date": "2024-10-22",
    "creator": "NayraCardenes",
    "creator_first_name": "Nayra",
    "creator_last_name": "Cardenes",
    "dimension_units": "millimeter",
    "placement": {
      "@context": "https://hubmapconsortium.github.io/ccf-ontology/ccf-context.jsonld",
      "@id": "http://purl.org/ccf/1.5/049f27a1-1e84-4f8a-a47e-48a0879b8652_placement",
      "@type": "SpatialPlacement",
      "placement_date": "2024-10-22",
      "rotation_order": "XYZ",
      "rotation_units": "degree",
      "scaling_units": "ratio",
      "target": "http://purl.org/ccf/latest/ccf.owl#VHMLungV1.1",
      "translation_units": "millimeter",
      "x_rotation": 0,
      "x_scaling": 1,
      "x_translation": 200.419,
      "y_rotation": 0,
      "y_scaling": 1,
      "y_translation": 39.569,
      "z_rotation": 0,
      "z_scaling": 1,
      "z_translation": 19.857
    },
    "x_dimension": 10,
    "y_dimension": 10,
    "z_dimension": 10
  },
  "dataset_cell_count": 13000,
  "dataset_gene_count": 60286
}