{
    "input_file": "/var/lib/cwl/stg543dd7af-84a1-4c8c-84da-f11c18f4a315/data.h5ad",
    "total_cells": 23280,
    "low_quality_cells": 17684,
    "percent_low_quality": 75.96,
    "mean_pct_counts_mt": 0.0,
    "mean_pct_counts_ribo": 0.0,
    "thresholds": {
        "min_genes": 200,
        "max_genes": 7500,
        "max_mt": 5.0,
        "min_ribo": null,
        "mt_prefix": "MT-",
        "ribo_prefixes": [
            "RPS",
            "RPL"
        ]
    },
    "files": {
        "qc_per_cell_csv": "qc_results/qc_per_cell.csv",
        "qc_summary_csv": "qc_results/qc_summary.csv"
    }
}