{
  "id": "HBM363.NTWP.766",
  "handler": "hubmap",
  "organ": "UBERON:0002113",
  "organ_source": "RK",
  "uuid": "c81b0dc9d16eb825a7d6bce6e1b3678f",
  "assay_type": "salmon_rnaseq_10x_sn",
  "dataset_id": "https://entity.api.hubmapconsortium.org/entities/c81b0dc9d16eb825a7d6bce6e1b3678f",
  "dataset_link": "https://portal.hubmapconsortium.org/browse/dataset/c81b0dc9d16eb825a7d6bce6e1b3678f",
  "dataset_technology": "OTHER",
  "dataset_info": "salmon_rnaseq_10x_sn__ad5c82405456343b3babecc86ec42afc__salmon-rnaseq",
  "consortium_name": "HuBMAP",
  "provider_name": "University of California San Diego TMC",
  "provider_uuid": "03b3d854-ed44-11e8-8bce-0e368f3075e8",
  "donor_id": "https://entity.api.hubmapconsortium.org/entities/01d8b1a59c0326441167d8375c4437ec",
  "donor_age": 54,
  "donor_sex": "Female",
  "donor_bmi": 53.06,
  "donor_race": "Black or African American",
  "organ_id": "http://purl.obolibrary.org/obo/UBERON_0002113",
  "block_id": "https://entity.api.hubmapconsortium.org/entities/015f9976f3fed4c35dbbaad622a413d9",
  "section_id": "https://entity.api.hubmapconsortium.org/entities/278a2d44a536dc28fa5efdec14edf6a1",
  "rui_location": {
    "@context": "https://hubmapconsortium.github.io/hubmap-ontology/ccf-context.jsonld",
    "@id": "http://purl.org/ccf/1.5/85ad9566-c363-4b61-a522-6576b253d9af",
    "@type": "SpatialEntity",
    "ccf_annotations": [
      "http://purl.obolibrary.org/obo/UBERON_0000362",
      "http://purl.obolibrary.org/obo/UBERON_0004200"
    ],
    "creation_date": "2022-06-10",
    "creator": "Amanda Knoten",
    "creator_first_name": "Amanda",
    "creator_last_name": "Knoten",
    "dimension_units": "millimeter",
    "placement": {
      "@context": "https://hubmapconsortium.github.io/hubmap-ontology/ccf-context.jsonld",
      "@id": "http://purl.org/ccf/1.5/85ad9566-c363-4b61-a522-6576b253d9af_placement",
      "@type": "SpatialPlacement",
      "placement_date": "2022-06-10",
      "rotation_order": "XYZ",
      "rotation_units": "degree",
      "scaling_units": "ratio",
      "target": "http://purl.org/ccf/latest/ccf.owl#VHFRightKidneyV1.1",
      "translation_units": "millimeter",
      "x_rotation": -99,
      "x_scaling": 1,
      "x_translation": 17.052,
      "y_rotation": 22,
      "y_scaling": 1,
      "y_translation": 54.112,
      "z_rotation": -102,
      "z_scaling": 1,
      "z_translation": 41.27
    },
    "x_dimension": 3,
    "y_dimension": 5,
    "z_dimension": 2
  },
  "dataset_cell_count": 14998,
  "dataset_gene_count": 60286
}