{
  "id": "SNT355.HFDQ.889",
  "handler": "sennet",
  "organ": "UBERON:0002048",
  "organ_source": "RL",
  "uuid": "2ea06c61810a32b092a3f681f18a1a45",
  "assay_type": "salmon_rnaseq_10x_v2_sn",
  "dataset_id": "https://entity.api.sennetconsortium.org/entities/2ea06c61810a32b092a3f681f18a1a45",
  "dataset_link": "https://data.sennetconsortium.org/dataset?uuid=2ea06c61810a32b092a3f681f18a1a45",
  "dataset_technology": "OTHER",
  "dataset_info": "salmon_rnaseq_10x_v2_sn__ae48ddf510c54304d1bf69cd5f64df11__salmon-rnaseq",
  "consortium_name": "SenNet",
  "provider_name": "TMC - University of Pittsburgh",
  "provider_uuid": "28db7a2b-ed8a-11ec-8b0a-9fe9b51132b1",
  "donor_id": "https://entity.api.sennetconsortium.org/entities/f09c4a6f6a485031feef25452c464718",
  "donor_age": 78,
  "donor_sex": "Female",
  "donor_bmi": 27.92,
  "donor_race": "White",
  "organ_id": "http://purl.obolibrary.org/obo/UBERON_0002048",
  "block_id": "https://entity.api.sennetconsortium.org/entities/d5fcf537cb65096d98c81dee66f63a40",
  "section_id": "https://entity.api.sennetconsortium.org/entities/e018a9b928e3a278af3cec47ed2a71e0",
  "rui_location": {
    "@context": "https://hubmapconsortium.github.io/ccf-ontology/ccf-context.jsonld",
    "@id": "http://purl.org/ccf/1.5/6f7f3ddd-9889-4bad-8bfc-8340c7b6af8b",
    "@type": "SpatialEntity",
    "ccf_annotations": [
      "http://purl.obolibrary.org/obo/UBERON_0002048",
      "http://purl.obolibrary.org/obo/UBERON_0002167",
      "http://purl.obolibrary.org/obo/UBERON_0002171",
      "http://purl.org/sig/ont/fma/fma7362",
      "http://purl.org/sig/ont/fma/fma7363"
    ],
    "creation_date": "2024-10-22",
    "creator": "NayraCardenes",
    "creator_first_name": "Nayra",
    "creator_last_name": "Cardenes",
    "dimension_units": "millimeter",
    "placement": {
      "@context": "https://hubmapconsortium.github.io/ccf-ontology/ccf-context.jsonld",
      "@id": "http://purl.org/ccf/1.5/6f7f3ddd-9889-4bad-8bfc-8340c7b6af8b_placement",
      "@type": "SpatialPlacement",
      "placement_date": "2024-10-22",
      "rotation_order": "XYZ",
      "rotation_units": "degree",
      "scaling_units": "ratio",
      "target": "http://purl.org/ccf/latest/ccf.owl#VHFLungV1.2",
      "translation_units": "millimeter",
      "x_rotation": 0,
      "x_scaling": 1,
      "x_translation": 40.135,
      "y_rotation": 0,
      "y_scaling": 1,
      "y_translation": 53.018,
      "z_rotation": 0,
      "z_scaling": 1,
      "z_translation": 18.302
    },
    "x_dimension": 10,
    "y_dimension": 10,
    "z_dimension": 10
  },
  "dataset_cell_count": 12999,
  "dataset_gene_count": 60286
}