{
  "id": "SNT362.MDNQ.323",
  "handler": "sennet",
  "organ": "UBERON:0002048",
  "organ_source": "LL",
  "uuid": "ef3eed3efc9267ac6b3df3245f15c384",
  "assay_type": "salmon_rnaseq_10x_v2_sn",
  "dataset_id": "https://entity.api.sennetconsortium.org/entities/ef3eed3efc9267ac6b3df3245f15c384",
  "dataset_link": "https://data.sennetconsortium.org/dataset?uuid=ef3eed3efc9267ac6b3df3245f15c384",
  "dataset_technology": "OTHER",
  "dataset_info": "salmon_rnaseq_10x_v2_sn__576d1130e9d5c8cfda2cf151a8b7f571__salmon-rnaseq",
  "consortium_name": "SenNet",
  "provider_name": "TMC - University of Pittsburgh",
  "provider_uuid": "28db7a2b-ed8a-11ec-8b0a-9fe9b51132b1",
  "donor_id": "https://entity.api.sennetconsortium.org/entities/78e1fd3e6a95a815aee14643296e948e",
  "donor_age": 73,
  "donor_sex": "Male",
  "donor_bmi": 46.972,
  "donor_race": "White",
  "organ_id": "http://purl.obolibrary.org/obo/UBERON_0002048",
  "block_id": "https://entity.api.sennetconsortium.org/entities/1f39c6660e5419e6daf4e0928d371b18",
  "section_id": "https://entity.api.sennetconsortium.org/entities/7735387d1a44049c8a56d27c22370f04",
  "rui_location": {
    "@context": "https://hubmapconsortium.github.io/ccf-ontology/ccf-context.jsonld",
    "@id": "http://purl.org/ccf/1.5/049f27a1-1e84-4f8a-a47e-48a0879b8652",
    "@type": "SpatialEntity",
    "ccf_annotations": [
      "http://purl.obolibrary.org/obo/UBERON_0002048",
      "http://purl.obolibrary.org/obo/UBERON_0002168",
      "http://purl.obolibrary.org/obo/UBERON_0008952",
      "http://purl.obolibrary.org/obo/UBERON_0008953",
      "http://purl.org/sig/ont/fma/fma7379",
      "http://purl.org/sig/ont/fma/fma7508",
      "http://purl.obolibrary.org/obo/UBERON_0002185",
      "http://purl.org/sig/ont/fma/fma62662",
      "http://purl.obolibrary.org/obo/UBERON_0002184"
    ],
    "creation_date": "2024-10-22",
    "creator": "NayraCardenes",
    "creator_first_name": "Nayra",
    "creator_last_name": "Cardenes",
    "dimension_units": "millimeter",
    "placement": {
      "@context": "https://hubmapconsortium.github.io/ccf-ontology/ccf-context.jsonld",
      "@id": "http://purl.org/ccf/1.5/049f27a1-1e84-4f8a-a47e-48a0879b8652_placement",
      "@type": "SpatialPlacement",
      "placement_date": "2024-10-22",
      "rotation_order": "XYZ",
      "rotation_units": "degree",
      "scaling_units": "ratio",
      "target": "http://purl.org/ccf/latest/ccf.owl#VHMLungV1.1",
      "translation_units": "millimeter",
      "x_rotation": 0,
      "x_scaling": 1,
      "x_translation": 200.419,
      "y_rotation": 0,
      "y_scaling": 1,
      "y_translation": 39.569,
      "z_rotation": 0,
      "z_scaling": 1,
      "z_translation": 19.857
    },
    "x_dimension": 10,
    "y_dimension": 10,
    "z_dimension": 10
  },
  "dataset_cell_count": 12994,
  "dataset_gene_count": 60286
}