{
  "id": "HBM597.PBJW.593",
  "handler": "hubmap",
  "organ": "UBERON:0002113",
  "organ_source": "LK",
  "uuid": "b2ab05f290c0740c3198f020cd70e78d",
  "assay_type": "salmon_rnaseq_10x_sn",
  "dataset_id": "https://entity.api.hubmapconsortium.org/entities/b2ab05f290c0740c3198f020cd70e78d",
  "dataset_link": "https://portal.hubmapconsortium.org/browse/dataset/b2ab05f290c0740c3198f020cd70e78d",
  "dataset_technology": "OTHER",
  "dataset_info": "salmon_rnaseq_10x_sn__cfc125d6d916f121e92a8406a0502a38__salmon-rnaseq",
  "consortium_name": "HuBMAP",
  "provider_name": "University of California San Diego TMC",
  "provider_uuid": "03b3d854-ed44-11e8-8bce-0e368f3075e8",
  "donor_id": "https://entity.api.hubmapconsortium.org/entities/e742ac485a0614e4114a26886ed0b444",
  "donor_age": 69,
  "donor_sex": "Female",
  "donor_bmi": 49.2,
  "donor_race": "White",
  "organ_id": "http://purl.obolibrary.org/obo/UBERON_0002113",
  "block_id": "https://entity.api.hubmapconsortium.org/entities/e92386147334ee241991e25d8ae3e04f",
  "section_id": "https://entity.api.hubmapconsortium.org/entities/88fbcf4a6a7919587bd33f9330c2eda0",
  "rui_location": {
    "@context": "https://hubmapconsortium.github.io/hubmap-ontology/ccf-context.jsonld",
    "@id": "http://purl.org/ccf/1.5/61d9f366-c050-4c28-995f-32ab920a7ca8",
    "@type": "SpatialEntity",
    "ccf_annotations": [
      "http://purl.obolibrary.org/obo/UBERON_0002015",
      "http://purl.obolibrary.org/obo/UBERON_0001225",
      "http://purl.obolibrary.org/obo/UBERON_0002189",
      "http://purl.obolibrary.org/obo/UBERON_0000362",
      "http://purl.obolibrary.org/obo/UBERON_0001228",
      "http://purl.obolibrary.org/obo/UBERON_0004200",
      "http://purl.obolibrary.org/obo/UBERON_0001284",
      "http://purl.obolibrary.org/obo/UBERON_0006517",
      "http://purl.obolibrary.org/obo/UBERON_0001227"
    ],
    "creation_date": "2021-10-03",
    "creator": "amanda knoten",
    "creator_first_name": "amanda",
    "creator_last_name": "knoten",
    "dimension_units": "millimeter",
    "placement": {
      "@context": "https://hubmapconsortium.github.io/hubmap-ontology/ccf-context.jsonld",
      "@id": "http://purl.org/ccf/1.5/61d9f366-c050-4c28-995f-32ab920a7ca8_placement",
      "@type": "SpatialPlacement",
      "placement_date": "2021-10-03",
      "rotation_order": "XYZ",
      "rotation_units": "degree",
      "scaling_units": "ratio",
      "target": "http://purl.org/ccf/latest/ccf.owl#VHFLeftKidney",
      "translation_units": "millimeter",
      "x_rotation": -49,
      "x_scaling": 1,
      "x_translation": 26.649,
      "y_rotation": 0,
      "y_scaling": 1,
      "y_translation": 84.75,
      "z_rotation": 62,
      "z_scaling": 1,
      "z_translation": 30.282
    },
    "x_dimension": 2,
    "y_dimension": 4,
    "z_dimension": 2
  },
  "dataset_cell_count": 2716,
  "dataset_gene_count": 60286
}