{
  "id": "HBM248.HPXX.584",
  "handler": "hubmap",
  "organ": "UBERON:0002113",
  "organ_source": "LK",
  "uuid": "51bfd85763954248725ebf69f0dde5eb",
  "assay_type": "salmon_rnaseq_slideseq",
  "dataset_id": "https://entity.api.hubmapconsortium.org/entities/51bfd85763954248725ebf69f0dde5eb",
  "dataset_link": "https://portal.hubmapconsortium.org/browse/dataset/51bfd85763954248725ebf69f0dde5eb",
  "dataset_technology": "OTHER",
  "dataset_info": "salmon_rnaseq_slideseq__490f1116f9f13ad4c26f07cad8011553__salmon-rnaseq-slideseq",
  "consortium_name": "HuBMAP",
  "provider_name": "Broad Institute RTI",
  "provider_uuid": "9c4a56ca-79ac-11ea-8359-0e41da796b5d",
  "donor_id": "https://entity.api.hubmapconsortium.org/entities/e3d3717ad581030c03bed6641d76e088",
  "donor_age": 55,
  "donor_sex": "Female",
  "donor_bmi": 27.5,
  "donor_race": "White",
  "organ_id": "http://purl.obolibrary.org/obo/UBERON_0002113",
  "block_id": "https://entity.api.hubmapconsortium.org/entities/2f8bb4ef2d9b8d23eebc24d1d5db36cd",
  "section_id": "https://entity.api.hubmapconsortium.org/entities/4f4f69631389abd8f86c75507e5fb100",
  "rui_location": {
    "@context": "https://hubmapconsortium.github.io/hubmap-ontology/ccf-context.jsonld",
    "@id": "http://purl.org/ccf/1.5/8f99a469-7d51-46dc-919d-2e002eeae868",
    "@type": "SpatialEntity",
    "ccf_annotations": [
      "http://purl.obolibrary.org/obo/UBERON_0008716",
      "http://purl.obolibrary.org/obo/UBERON_0000362",
      "http://purl.obolibrary.org/obo/UBERON_0001284"
    ],
    "creation_date": "2022-06-09",
    "creator": "Amanda Knoten",
    "creator_first_name": "Amanda",
    "creator_last_name": "Knoten",
    "dimension_units": "millimeter",
    "placement": {
      "@context": "https://hubmapconsortium.github.io/hubmap-ontology/ccf-context.jsonld",
      "@id": "http://purl.org/ccf/1.5/8f99a469-7d51-46dc-919d-2e002eeae868_placement",
      "@type": "SpatialPlacement",
      "placement_date": "2022-06-09",
      "rotation_order": "XYZ",
      "rotation_units": "degree",
      "scaling_units": "ratio",
      "target": "http://purl.org/ccf/latest/ccf.owl#VHFLeftKidneyV1.1",
      "translation_units": "millimeter",
      "x_rotation": -25,
      "x_scaling": 1,
      "x_translation": 35.579,
      "y_rotation": 23,
      "y_scaling": 1,
      "y_translation": 93.178,
      "z_rotation": 22,
      "z_scaling": 1,
      "z_translation": 42.29
    },
    "x_dimension": 3,
    "y_dimension": 5,
    "z_dimension": 2
  },
  "dataset_cell_count": 27278,
  "dataset_gene_count": 60286
}