{
  "id": "https://api.cellxgene.cziscience.com/dp/v1/collections/625f6bf4-2f33-4942-962e-35243d284837#D231$lung",
  "handler": "cellxgene",
  "organ": "UBERON:0002048",
  "collection": "625f6bf4-2f33-4942-962e-35243d284837",
  "donor": "D231",
  "tissue": "lung",
  "assets": [
    {
      "id": "07f88018-4892-43cb-875d-96b1e10c0d52",
      "dataset": "21aff27c-c847-4ec4-8f98-aec95ae5699e"
    }
  ],
  "tissueId": "UBERON:0002048",
  "dataset_link": "https://cellxgene.cziscience.com/collections/625f6bf4-2f33-4942-962e-35243d284837",
  "dataset_technology": "OTHER",
  "publication": "https://doi.org/10.7554/eLife.62522",
  "publication_title": "LungMAP — Human data from a broad age healthy donor group",
  "publication_lead_author": "Allen Wang",
  "consortium_name": "CxG",
  "provider_name": "CxG",
  "provider_uuid": "f6841a8a-cef2-4421-b632-fc34ff5c27d8",
  "assay_type": "[{\"label\":\"10x 3' v3\",\"ontology_term_id\":\"EFO:0009922\"}]",
  "donor_id": "https://api.cellxgene.cziscience.com/dp/v1/collections/625f6bf4-2f33-4942-962e-35243d284837#D231",
  "organ_id": "http://purl.obolibrary.org/obo/UBERON_0002048",
  "block_id": "https://api.cellxgene.cziscience.com/dp/v1/collections/625f6bf4-2f33-4942-962e-35243d284837#D231$lung_Block",
  "dataset_id": "https://api.cellxgene.cziscience.com/dp/v1/collections/625f6bf4-2f33-4942-962e-35243d284837#D231$lung",
  "donor_sex": "female",
  "donor_development_stage": "31-year-old stage",
  "donor_race": "African American",
  "dataset_cell_count": 4680,
  "dataset_gene_count": 26269
}