{
    "input_file": "/var/lib/cwl/stg9fa5fd6a-9392-486c-9d12-13bd9035026d/data.h5ad",
    "total_cells": 3982,
    "low_quality_cells": 1196,
    "percent_low_quality": 30.04,
    "mean_pct_counts_mt": 0.0,
    "mean_pct_counts_ribo": 0.0,
    "thresholds": {
        "min_genes": 200,
        "max_genes": 7500,
        "max_mt": 5.0,
        "min_ribo": null,
        "mt_prefix": "MT-",
        "ribo_prefixes": [
            "RPS",
            "RPL"
        ]
    },
    "files": {
        "qc_per_cell_csv": "qc_results/qc_per_cell.csv",
        "qc_summary_csv": "qc_results/qc_summary.csv"
    }
}