{
    "input_file": "/var/lib/cwl/stgf2ec56df-cae9-40cf-836b-ba93d43f7fba/data.h5ad",
    "total_cells": 21812,
    "low_quality_cells": 16171,
    "percent_low_quality": 74.14,
    "mean_pct_counts_mt": 0.0,
    "mean_pct_counts_ribo": 0.0,
    "thresholds": {
        "min_genes": 200,
        "max_genes": 7500,
        "max_mt": 5.0,
        "min_ribo": null,
        "mt_prefix": "MT-",
        "ribo_prefixes": [
            "RPS",
            "RPL"
        ]
    },
    "files": {
        "qc_per_cell_csv": "qc_results/qc_per_cell.csv",
        "qc_summary_csv": "qc_results/qc_summary.csv"
    }
}