{
    "input_file": "/var/lib/cwl/stge07e2463-1fb1-41eb-b3f6-2dda4983ba82/data.h5ad",
    "total_cells": 12994,
    "low_quality_cells": 2227,
    "percent_low_quality": 17.14,
    "mean_pct_counts_mt": 0.0,
    "mean_pct_counts_ribo": 0.0,
    "thresholds": {
        "min_genes": 200,
        "max_genes": 7500,
        "max_mt": 5.0,
        "min_ribo": null,
        "mt_prefix": "MT-",
        "ribo_prefixes": [
            "RPS",
            "RPL"
        ]
    },
    "files": {
        "qc_per_cell_csv": "qc_results/qc_per_cell.csv",
        "qc_summary_csv": "qc_results/qc_summary.csv"
    }
}