{
    "input_file": "/var/lib/cwl/stg59e0a6a2-5b53-4212-9eef-b4a0239f916b/data.h5ad",
    "total_cells": 27278,
    "low_quality_cells": 6505,
    "percent_low_quality": 23.85,
    "mean_pct_counts_mt": 0.0,
    "mean_pct_counts_ribo": 0.0,
    "thresholds": {
        "min_genes": 200,
        "max_genes": 7500,
        "max_mt": 5.0,
        "min_ribo": null,
        "mt_prefix": "MT-",
        "ribo_prefixes": [
            "RPS",
            "RPL"
        ]
    },
    "files": {
        "qc_per_cell_csv": "qc_results/qc_per_cell.csv",
        "qc_summary_csv": "qc_results/qc_summary.csv"
    }
}