{
  "id": "HBM796.PCWD.863",
  "handler": "hubmap",
  "organ": "UBERON:0002113",
  "organ_source": "LK",
  "uuid": "5a5ca03fa623602d9a859224aa40ace4",
  "assay_type": "salmon_rnaseq_10x_sn",
  "dataset_id": "https://entity.api.hubmapconsortium.org/entities/5a5ca03fa623602d9a859224aa40ace4",
  "dataset_link": "https://portal.hubmapconsortium.org/browse/dataset/5a5ca03fa623602d9a859224aa40ace4",
  "dataset_technology": "OTHER",
  "dataset_info": "salmon_rnaseq_10x_sn__f31df7345e5d56154ba469c6d5c477b3__salmon-rnaseq",
  "consortium_name": "HuBMAP",
  "provider_name": "University of California San Diego TMC",
  "provider_uuid": "03b3d854-ed44-11e8-8bce-0e368f3075e8",
  "donor_id": "https://entity.api.hubmapconsortium.org/entities/113abb6e3391c3e73972bb6bbe147687",
  "donor_age": 78,
  "donor_sex": "Male",
  "donor_bmi": 24.2,
  "donor_race": "White",
  "organ_id": "http://purl.obolibrary.org/obo/UBERON_0002113",
  "block_id": "https://entity.api.hubmapconsortium.org/entities/9af60cec8d8411323f601d13896c4601",
  "section_id": "https://entity.api.hubmapconsortium.org/entities/e5f178925578b366af74c059b89d1f32",
  "rui_location": {
    "@context": "https://hubmapconsortium.github.io/hubmap-ontology/ccf-context.jsonld",
    "@id": "http://purl.org/ccf/1.5/c07ec91d-9dbe-4132-a93c-b960895b009d",
    "@type": "SpatialEntity",
    "ccf_annotations": [
      "http://purl.obolibrary.org/obo/UBERON_0002015",
      "http://purl.obolibrary.org/obo/UBERON_0001225",
      "http://purl.obolibrary.org/obo/UBERON_0002189",
      "http://purl.obolibrary.org/obo/UBERON_0000362",
      "http://purl.obolibrary.org/obo/UBERON_0004200"
    ],
    "creation_date": "2022-06-10",
    "creator": "Amanda Knoten",
    "creator_first_name": "Amanda",
    "creator_last_name": "Knoten",
    "dimension_units": "millimeter",
    "placement": {
      "@context": "https://hubmapconsortium.github.io/hubmap-ontology/ccf-context.jsonld",
      "@id": "http://purl.org/ccf/1.5/c07ec91d-9dbe-4132-a93c-b960895b009d_placement",
      "@type": "SpatialPlacement",
      "placement_date": "2022-06-10",
      "rotation_order": "XYZ",
      "rotation_units": "degree",
      "scaling_units": "ratio",
      "target": "http://purl.org/ccf/latest/ccf.owl#VHMLeftKidney",
      "translation_units": "millimeter",
      "x_rotation": -41,
      "x_scaling": 1,
      "x_translation": 10.36,
      "y_rotation": 31,
      "y_scaling": 1,
      "y_translation": 86.57,
      "z_rotation": 0,
      "z_scaling": 1,
      "z_translation": 41.215
    },
    "x_dimension": 2,
    "y_dimension": 10,
    "z_dimension": 2
  },
  "dataset_cell_count": 3996,
  "dataset_gene_count": 60286
}