{
  "id": "HBM362.JVGH.934",
  "handler": "hubmap",
  "organ": "UBERON:0002108",
  "organ_source": "SI",
  "uuid": "453b06e1f62ec3e54d8380e4e974a5a5",
  "assay_type": "salmon_rnaseq_10x_sn",
  "dataset_id": "https://entity.api.hubmapconsortium.org/entities/453b06e1f62ec3e54d8380e4e974a5a5",
  "dataset_link": "https://portal.hubmapconsortium.org/browse/dataset/453b06e1f62ec3e54d8380e4e974a5a5",
  "dataset_technology": "OTHER",
  "dataset_info": "salmon_rnaseq_10x_sn__d4ed311cea19bf0390f51a57730569bf__salmon-rnaseq",
  "consortium_name": "HuBMAP",
  "provider_name": "Stanford TMC",
  "provider_uuid": "def5fd76-ed43-11e8-b56a-0e8017bdda58",
  "donor_id": "https://entity.api.hubmapconsortium.org/entities/4102d375082e94a2d4d0df1f49dcc37c",
  "donor_age": 30,
  "donor_sex": "Male",
  "donor_bmi": 27.9,
  "donor_race": "White",
  "organ_id": "http://purl.obolibrary.org/obo/UBERON_0002108",
  "block_id": "https://entity.api.hubmapconsortium.org/entities/7055f185034f03b22983b8950c783905",
  "section_id": "",
  "rui_location": {
    "@context": "https://hubmapconsortium.github.io/hubmap-ontology/ccf-context.jsonld",
    "@id": "http://purl.org/ccf/1.5/6f055461-adb2-41fe-86c1-50d3afdf9360",
    "@type": "SpatialEntity",
    "ccf_annotations": [
      "http://purl.obolibrary.org/obo/FMA_14966",
      "http://purl.obolibrary.org/obo/UBERON_0002116"
    ],
    "creation_date": "2022-06-08",
    "creator": "Yiing Lin",
    "creator_first_name": "Yiing",
    "creator_last_name": "Lin",
    "dimension_units": "millimeter",
    "placement": {
      "@context": "https://hubmapconsortium.github.io/hubmap-ontology/ccf-context.jsonld",
      "@id": "http://purl.org/ccf/1.5/6f055461-adb2-41fe-86c1-50d3afdf9360_placement",
      "@type": "SpatialPlacement",
      "placement_date": "2022-06-08",
      "rotation_order": "XYZ",
      "rotation_units": "degree",
      "scaling_units": "ratio",
      "target": "http://purl.org/ccf/latest/ccf.owl#VHMSmallIntestine",
      "translation_units": "millimeter",
      "x_rotation": 0,
      "x_scaling": 1,
      "x_translation": 45.361,
      "y_rotation": 23,
      "y_scaling": 1,
      "y_translation": 72.859,
      "z_rotation": 49,
      "z_scaling": 1,
      "z_translation": 48.203
    },
    "x_dimension": 3,
    "y_dimension": 30,
    "z_dimension": 15
  },
  "dataset_cell_count": 10725,
  "dataset_gene_count": 60286
}