{
  "id": "GTEX-1HSMQ-5007-SM-GKSJG",
  "handler": "gtex",
  "organ": "UBERON:0002097",
  "dataset_id": "https://doi.org/10.1126/science.abl4290#GTEX-1HSMQ-5007-SM-GKSJG",
  "publication": "https://doi.org/10.1126/science.abl4290",
  "publication_title": "Single-nucleus cross-tissue molecular reference maps toward understanding disease gene function",
  "publication_lead_author": "Gökcen Eraslan",
  "consortium_name": "GTEx",
  "provider_name": "GTEx",
  "provider_uuid": "083882bb-6cc6-4c12-a205-eac37c1a2640",
  "dataset_link": "https://gtexportal.org/home/singleCellOverviewPage",
  "dataset_technology": "OTHER",
  "organ_source": "Skin",
  "organ_id": "http://purl.obolibrary.org/obo/UBERON_0002097",
  "donor_sex": "Male",
  "donor_age_bin": "51-60",
  "donor_id": "https://doi.org/10.1126/science.abl4290#GTEX-1HSMQ",
  "dataset_cell_count": 4961,
  "dataset_gene_count": 17695,
  "block_id": "https://doi.org/10.1126/science.abl4290#GTEX-1HSMQ-5007-SM-GKSJG_TissueBlock",
  "rui_location": "{\"@context\":\"https://hubmapconsortium.github.io/hubmap-ontology/ccf-context.jsonld\",\"@id\":\"http://purl.org/ccf/1.5/cce37703-e4e8-454c-a0c4-4ff58652ab8f\",\"@type\":\"SpatialEntity\",\"creator\":\"Kristin Ardlie\",\"creator_first_name\":\"Kristin\",\"creator_last_name\":\"Ardlie\",\"creation_date\":\"2022-01-26\",\"ccf_annotations\":[\"http://purl.obolibrary.org/obo/UBERON_0002097\"],\"x_dimension\":20,\"y_dimension\":10,\"z_dimension\":5,\"dimension_units\":\"millimeter\",\"placement\":{\"@context\":\"https://hubmapconsortium.github.io/hubmap-ontology/ccf-context.jsonld\",\"@id\":\"http://purl.org/ccf/1.5/cce37703-e4e8-454c-a0c4-4ff58652ab8f_placement\",\"@type\":\"SpatialPlacement\",\"placement_date\":\"2022-01-26\",\"x_scaling\":1,\"y_scaling\":1,\"z_scaling\":1,\"scaling_units\":\"ratio\",\"x_rotation\":20,\"y_rotation\":13,\"z_rotation\":0,\"rotation_order\":\"XYZ\",\"rotation_units\":\"degree\",\"x_translation\":678.414,\"y_translation\":479.517,\"z_translation\":65.16,\"translation_units\":\"millimeter\",\"target\":\"http://purl.org/ccf/latest/ccf.owl#VHMSkinV1.1\"}}"
}