{
    "input_file": "/var/lib/cwl/stgca1b291c-fce6-428c-9154-45f6c450c044/data.h5ad",
    "total_cells": 1999,
    "low_quality_cells": 329,
    "percent_low_quality": 16.46,
    "mean_pct_counts_mt": 0.0,
    "mean_pct_counts_ribo": 0.0,
    "thresholds": {
        "min_genes": 200,
        "max_genes": 7500,
        "max_mt": 5.0,
        "min_ribo": null,
        "mt_prefix": "MT-",
        "ribo_prefixes": [
            "RPS",
            "RPL"
        ]
    },
    "files": {
        "qc_per_cell_csv": "qc_results/qc_per_cell.csv",
        "qc_summary_csv": "qc_results/qc_summary.csv"
    }
}