{
    "input_file": "/var/lib/cwl/stg06194fed-8190-48db-b099-2d42adcbc6c3/data.h5ad",
    "total_cells": 5990,
    "low_quality_cells": 0,
    "percent_low_quality": 0.0,
    "mean_pct_counts_mt": 0.0,
    "mean_pct_counts_ribo": 0.002,
    "thresholds": {
        "min_genes": 200,
        "max_genes": 7500,
        "max_mt": 5.0,
        "min_ribo": null,
        "mt_prefix": "MT-",
        "ribo_prefixes": [
            "RPS",
            "RPL"
        ]
    },
    "files": {
        "qc_per_cell_csv": "qc_results/qc_per_cell.csv",
        "qc_summary_csv": "qc_results/qc_summary.csv"
    }
}