{
  "id": "HBM887.DDJL.589",
  "handler": "hubmap",
  "organ": "UBERON:0002048",
  "organ_source": "RL",
  "uuid": "3152ddcb811d362113ebb119602f2cd4",
  "assay_type": "salmon_rnaseq_10x_sn",
  "dataset_id": "https://entity.api.hubmapconsortium.org/entities/3152ddcb811d362113ebb119602f2cd4",
  "dataset_link": "https://portal.hubmapconsortium.org/browse/dataset/3152ddcb811d362113ebb119602f2cd4",
  "dataset_technology": "OTHER",
  "dataset_info": "salmon_rnaseq_10x_sn__3fe18ec025f612ca2c5308d4c234da50__salmon-rnaseq",
  "consortium_name": "HuBMAP",
  "provider_name": "University of California San Diego TMC",
  "provider_uuid": "03b3d854-ed44-11e8-8bce-0e368f3075e8",
  "donor_id": "https://entity.api.hubmapconsortium.org/entities/4397fcd072ac96299992b47da1dbae64",
  "donor_age": 37,
  "donor_sex": "Male",
  "donor_bmi": "",
  "donor_race": "Black or African American",
  "organ_id": "http://purl.obolibrary.org/obo/UBERON_0002048",
  "block_id": "https://entity.api.hubmapconsortium.org/entities/aff08197f187418318e12cd70c9a6e3d",
  "section_id": "https://entity.api.hubmapconsortium.org/entities/1a903281a63d708070a0cba270638b1f",
  "rui_location": {
    "@context": "https://hubmapconsortium.github.io/hubmap-ontology/ccf-context.jsonld",
    "@id": "http://purl.org/ccf/1.5/aba1ebe3-af18-40cc-b536-b89843049ca5",
    "@type": "SpatialEntity",
    "ccf_annotations": [
      "http://purl.obolibrary.org/obo/UBERON_0002048",
      "http://purl.obolibrary.org/obo/UBERON_0002167",
      "http://purl.obolibrary.org/obo/UBERON_0002174",
      "http://purl.org/sig/ont/fma/fma7360",
      "http://purl.obolibrary.org/obo/UBERON_0002185",
      "http://purl.obolibrary.org/obo/UBERON_0002184",
      "http://purl.org/sig/ont/fma/fma7361",
      "http://purl.org/sig/ont/fma/fma7419",
      "http://purl.obolibrary.org/obo/UBERON_0002171",
      "http://purl.org/sig/ont/fma/fma7364",
      "http://purl.org/sig/ont/fma/fma7363",
      "http://purl.org/sig/ont/fma/fma7362",
      "http://purl.org/sig/ont/fma/fma7366",
      "http://purl.obolibrary.org/obo/UBERON_0002170",
      "http://purl.org/sig/ont/fma/fma7359"
    ],
    "creation_date": "2021-09-23",
    "creator": "Gloria Pryhuber",
    "creator_first_name": "Gloria",
    "creator_last_name": "Pryhuber",
    "dimension_units": "millimeter",
    "placement": {
      "@context": "https://hubmapconsortium.github.io/hubmap-ontology/ccf-context.jsonld",
      "@id": "http://purl.org/ccf/1.5/aba1ebe3-af18-40cc-b536-b89843049ca5_placement",
      "@type": "SpatialPlacement",
      "placement_date": "2021-09-23",
      "rotation_order": "XYZ",
      "rotation_units": "degree",
      "scaling_units": "ratio",
      "target": "http://purl.org/ccf/latest/ccf.owl#VHMLung",
      "translation_units": "millimeter",
      "x_rotation": 34,
      "x_scaling": 1,
      "x_translation": 12.516,
      "y_rotation": 7,
      "y_scaling": 1,
      "y_translation": 104.552,
      "z_rotation": 10,
      "z_scaling": 1,
      "z_translation": 90.197
    },
    "x_dimension": 10,
    "y_dimension": 10,
    "z_dimension": 5
  },
  "dataset_cell_count": 4856,
  "dataset_gene_count": 60286
}