{
  "id": "HBM845.SFMK.942",
  "handler": "hubmap",
  "organ": "UBERON:0002113",
  "organ_source": "LK",
  "uuid": "7c9e07c96d144536525b1f889acee14d",
  "assay_type": "salmon_rnaseq_10x_sn",
  "dataset_id": "https://entity.api.hubmapconsortium.org/entities/7c9e07c96d144536525b1f889acee14d",
  "dataset_link": "https://portal.hubmapconsortium.org/browse/dataset/7c9e07c96d144536525b1f889acee14d",
  "dataset_technology": "OTHER",
  "dataset_info": "salmon_rnaseq_10x_sn__34e7063ba681c9218a2566c3659abd26__salmon-rnaseq",
  "consortium_name": "HuBMAP",
  "provider_name": "University of California San Diego TMC",
  "provider_uuid": "03b3d854-ed44-11e8-8bce-0e368f3075e8",
  "donor_id": "https://entity.api.hubmapconsortium.org/entities/17ca4161891a617a8b49b942edf93272",
  "donor_age": 40,
  "donor_sex": "Female",
  "donor_bmi": 25.5,
  "donor_race": "White",
  "organ_id": "http://purl.obolibrary.org/obo/UBERON_0002113",
  "block_id": "https://entity.api.hubmapconsortium.org/entities/57cac4cbeaa9612c03727decf3f10c6d",
  "section_id": "https://entity.api.hubmapconsortium.org/entities/2214b8182a9bccbaf81b26e976778056",
  "rui_location": {
    "@context": "https://hubmapconsortium.github.io/hubmap-ontology/ccf-context.jsonld",
    "@id": "http://purl.org/ccf/1.5/bd004aeb-6e60-4d5b-8d40-cfdd55b8b6fe",
    "@type": "SpatialEntity",
    "ccf_annotations": [
      "http://purl.obolibrary.org/obo/UBERON_0002015",
      "http://purl.obolibrary.org/obo/UBERON_0001225",
      "http://purl.obolibrary.org/obo/UBERON_0002189",
      "http://purl.obolibrary.org/obo/UBERON_0001284",
      "http://purl.obolibrary.org/obo/UBERON_0000362",
      "http://purl.obolibrary.org/obo/UBERON_0004200"
    ],
    "creation_date": "2022-06-10",
    "creator": "Amanda Knoten",
    "creator_first_name": "Amanda",
    "creator_last_name": "Knoten",
    "dimension_units": "millimeter",
    "placement": {
      "@context": "https://hubmapconsortium.github.io/hubmap-ontology/ccf-context.jsonld",
      "@id": "http://purl.org/ccf/1.5/bd004aeb-6e60-4d5b-8d40-cfdd55b8b6fe_placement",
      "@type": "SpatialPlacement",
      "placement_date": "2022-06-10",
      "rotation_order": "XYZ",
      "rotation_units": "degree",
      "scaling_units": "ratio",
      "target": "http://purl.org/ccf/latest/ccf.owl#VHFLeftKidneyV1.1",
      "translation_units": "millimeter",
      "x_rotation": -34,
      "x_scaling": 1,
      "x_translation": 13.606,
      "y_rotation": 40,
      "y_scaling": 1,
      "y_translation": 110.687,
      "z_rotation": 31,
      "z_scaling": 1,
      "z_translation": 28.29
    },
    "x_dimension": 2,
    "y_dimension": 13,
    "z_dimension": 2
  },
  "dataset_cell_count": 5000,
  "dataset_gene_count": 60286
}