{
  "id": "SNT983.BHXP.835",
  "handler": "sennet",
  "organ": "UBERON:0002048",
  "organ_source": "LL",
  "uuid": "1ffd4842e6a1643f538f42eb7fff5bbc",
  "assay_type": "salmon_rnaseq_10x",
  "dataset_id": "https://entity.api.sennetconsortium.org/entities/1ffd4842e6a1643f538f42eb7fff5bbc",
  "dataset_link": "https://data.sennetconsortium.org/dataset?uuid=1ffd4842e6a1643f538f42eb7fff5bbc",
  "dataset_technology": "OTHER",
  "dataset_info": "salmon_rnaseq_10x__241eec1295575f9ed5112d1ba6881c59__salmon-rnaseq",
  "consortium_name": "SenNet",
  "provider_name": "TMC - University of Pittsburgh",
  "provider_uuid": "28db7a2b-ed8a-11ec-8b0a-9fe9b51132b1",
  "donor_id": "https://entity.api.sennetconsortium.org/entities/c8da71c176451ab3072c9d0eb7fce65b",
  "donor_age": 69,
  "donor_sex": "Male",
  "donor_bmi": 31.8,
  "donor_race": "White",
  "organ_id": "http://purl.obolibrary.org/obo/UBERON_0002048",
  "block_id": "https://entity.api.sennetconsortium.org/entities/3b775982f07cd9729f0f9dc724147c14",
  "section_id": "https://entity.api.sennetconsortium.org/entities/bc70662c20c0219e9e507dcfb12ef79d",
  "rui_location": {
    "@context": "https://hubmapconsortium.github.io/ccf-ontology/ccf-context.jsonld",
    "@id": "http://purl.org/ccf/1.5/38d89d1c-002c-4bd3-a178-9af62b112834",
    "@type": "SpatialEntity",
    "ccf_annotations": [
      "http://purl.obolibrary.org/obo/UBERON_0002048",
      "http://purl.obolibrary.org/obo/UBERON_0002168",
      "http://purl.obolibrary.org/obo/UBERON_0008953"
    ],
    "creation_date": "2023-07-28",
    "creator": "Lorena Rosas",
    "creator_first_name": "Lorena",
    "creator_last_name": "Rosas",
    "dimension_units": "millimeter",
    "placement": {
      "@context": "https://hubmapconsortium.github.io/ccf-ontology/ccf-context.jsonld",
      "@id": "http://purl.org/ccf/1.5/38d89d1c-002c-4bd3-a178-9af62b112834_placement",
      "@type": "SpatialPlacement",
      "placement_date": "2023-07-28",
      "rotation_order": "XYZ",
      "rotation_units": "degree",
      "scaling_units": "ratio",
      "target": "http://purl.org/ccf/latest/ccf.owl#VHMLungV1.1",
      "translation_units": "millimeter",
      "x_rotation": 0,
      "x_scaling": 1,
      "x_translation": 183.956,
      "y_rotation": 0,
      "y_scaling": 1,
      "y_translation": 53.867,
      "z_rotation": 0,
      "z_scaling": 1,
      "z_translation": 88.913
    },
    "slice_count": 1,
    "slice_thickness": 7,
    "x_dimension": 25,
    "y_dimension": 25,
    "z_dimension": 25
  },
  "dataset_cell_count": 3140,
  "dataset_gene_count": 60286
}