{
    "input_file": "/var/lib/cwl/stg1795c69b-66e4-47bf-8bfc-9596a55719d6/data.h5ad",
    "total_cells": 14998,
    "low_quality_cells": 473,
    "percent_low_quality": 3.15,
    "mean_pct_counts_mt": 0.0,
    "mean_pct_counts_ribo": 0.0,
    "thresholds": {
        "min_genes": 200,
        "max_genes": 7500,
        "max_mt": 5.0,
        "min_ribo": null,
        "mt_prefix": "MT-",
        "ribo_prefixes": [
            "RPS",
            "RPL"
        ]
    },
    "files": {
        "qc_per_cell_csv": "qc_results/qc_per_cell.csv",
        "qc_summary_csv": "qc_results/qc_summary.csv"
    }
}