{
    "input_file": "/var/lib/cwl/stg9fc86e41-f4e0-4c45-9709-1ab6de8791a2/data.h5ad",
    "total_cells": 100608,
    "low_quality_cells": 60480,
    "percent_low_quality": 60.11,
    "mean_pct_counts_mt": 0.0,
    "mean_pct_counts_ribo": 0.0,
    "thresholds": {
        "min_genes": 200,
        "max_genes": 7500,
        "max_mt": 5.0,
        "min_ribo": null,
        "mt_prefix": "MT-",
        "ribo_prefixes": [
            "RPS",
            "RPL"
        ]
    },
    "files": {
        "qc_per_cell_csv": "qc_results/qc_per_cell.csv",
        "qc_summary_csv": "qc_results/qc_summary.csv"
    }
}