{
    "input_file": "/var/lib/cwl/stg14dba186-ccf4-457e-b8b8-34b24b1866b1/data.h5ad",
    "total_cells": 8944,
    "low_quality_cells": 0,
    "percent_low_quality": 0.0,
    "mean_pct_counts_mt": 0.0,
    "mean_pct_counts_ribo": 0.0,
    "thresholds": {
        "min_genes": 200,
        "max_genes": 7500,
        "max_mt": 5.0,
        "min_ribo": null,
        "mt_prefix": "MT-",
        "ribo_prefixes": [
            "RPS",
            "RPL"
        ]
    },
    "files": {
        "qc_per_cell_csv": "qc_results/qc_per_cell.csv",
        "qc_summary_csv": "qc_results/qc_summary.csv"
    }
}