{
  "id": "HBM995.NPWL.939",
  "handler": "hubmap",
  "organ": "UBERON:0002106",
  "organ_source": "SP",
  "uuid": "319aafd9420a0c1c6f175d6a2ef060a9",
  "assay_type": "salmon_rnaseq_10x",
  "dataset_id": "https://entity.api.hubmapconsortium.org/entities/319aafd9420a0c1c6f175d6a2ef060a9",
  "dataset_link": "https://portal.hubmapconsortium.org/browse/dataset/319aafd9420a0c1c6f175d6a2ef060a9",
  "dataset_technology": "OTHER",
  "dataset_info": "salmon_rnaseq_10x__cc70b4ebb578528b29b8d6fa5eb499dd__salmon-rnaseq",
  "consortium_name": "HuBMAP",
  "provider_name": "University of Florida TMC",
  "provider_uuid": "07a29e4c-ed43-11e8-b56a-0e8017bdda58",
  "donor_id": "https://entity.api.hubmapconsortium.org/entities/4b257b9c1758a98af262c57bc0caa726",
  "donor_age": 18,
  "donor_sex": "Male",
  "donor_bmi": 25.5,
  "donor_race": "White",
  "organ_id": "http://purl.obolibrary.org/obo/UBERON_0002106",
  "block_id": "https://entity.api.hubmapconsortium.org/entities/d4504122acb5db759280a9171426e9e3",
  "section_id": "https://entity.api.hubmapconsortium.org/entities/9d100e858da59cd250f0471e56b7e62c",
  "rui_location": "",
  "dataset_cell_count": 8270,
  "dataset_gene_count": 60286
}