{
    "input_file": "/var/lib/cwl/stg210690f4-aa37-43c1-8a80-c8ba2f7862b1/data.h5ad",
    "total_cells": 100984,
    "low_quality_cells": 43573,
    "percent_low_quality": 43.15,
    "mean_pct_counts_mt": 0.0,
    "mean_pct_counts_ribo": 0.0,
    "thresholds": {
        "min_genes": 200,
        "max_genes": 7500,
        "max_mt": 5.0,
        "min_ribo": null,
        "mt_prefix": "MT-",
        "ribo_prefixes": [
            "RPS",
            "RPL"
        ]
    },
    "files": {
        "qc_per_cell_csv": "qc_results/qc_per_cell.csv",
        "qc_summary_csv": "qc_results/qc_summary.csv"
    }
}