{
  "id": "HBM265.PCGD.229",
  "handler": "hubmap",
  "organ": "UBERON:0002108",
  "organ_source": "SI",
  "uuid": "174c43df28ab2ab737471d00a65d7730",
  "assay_type": "salmon_rnaseq_10x_sn",
  "dataset_id": "https://entity.api.hubmapconsortium.org/entities/174c43df28ab2ab737471d00a65d7730",
  "dataset_link": "https://portal.hubmapconsortium.org/browse/dataset/174c43df28ab2ab737471d00a65d7730",
  "dataset_technology": "OTHER",
  "dataset_info": "salmon_rnaseq_10x_sn__c30a75c9f3188b8ee551f0382e213eeb__salmon-rnaseq",
  "consortium_name": "HuBMAP",
  "provider_name": "Stanford TMC",
  "provider_uuid": "def5fd76-ed43-11e8-b56a-0e8017bdda58",
  "donor_id": "https://entity.api.hubmapconsortium.org/entities/54e9f1a94821a716e8e1546aee7b0f7a",
  "donor_age": 24,
  "donor_sex": "Male",
  "donor_bmi": 22.9,
  "donor_race": "White",
  "organ_id": "http://purl.obolibrary.org/obo/UBERON_0002108",
  "block_id": "https://entity.api.hubmapconsortium.org/entities/819a5b3b5c325452ae3c650e50209125",
  "section_id": "",
  "rui_location": {
    "@context": "https://hubmapconsortium.github.io/hubmap-ontology/ccf-context.jsonld",
    "@id": "http://purl.org/ccf/1.5/85765dd5-2197-4361-b4c6-c9d30186044a",
    "@type": "SpatialEntity",
    "ccf_annotations": [
      "http://purl.obolibrary.org/obo/UBERON_0002114",
      "http://purl.obolibrary.org/obo/FMA_14928"
    ],
    "creation_date": "2022-06-08",
    "creator": "Yiing Lin",
    "creator_first_name": "Yiing",
    "creator_last_name": "Lin",
    "dimension_units": "millimeter",
    "placement": {
      "@context": "https://hubmapconsortium.github.io/hubmap-ontology/ccf-context.jsonld",
      "@id": "http://purl.org/ccf/1.5/85765dd5-2197-4361-b4c6-c9d30186044a_placement",
      "@type": "SpatialPlacement",
      "placement_date": "2022-06-08",
      "rotation_order": "XYZ",
      "rotation_units": "degree",
      "scaling_units": "ratio",
      "target": "http://purl.org/ccf/latest/ccf.owl#VHMSmallIntestine",
      "translation_units": "millimeter",
      "x_rotation": 0,
      "x_scaling": 1,
      "x_translation": 18.013,
      "y_rotation": 0,
      "y_scaling": 1,
      "y_translation": 222.616,
      "z_rotation": 0,
      "z_scaling": 1,
      "z_translation": 21.453
    },
    "x_dimension": 3,
    "y_dimension": 30,
    "z_dimension": 20
  },
  "dataset_cell_count": 1999,
  "dataset_gene_count": 60286
}