{
  "id": "HBM599.WCGN.978",
  "handler": "hubmap",
  "organ": "UBERON:0000948",
  "organ_source": "HT",
  "uuid": "8b65acdfecc504e9a96c84643c3ab02c",
  "assay_type": "salmon_rnaseq_sciseq",
  "dataset_id": "https://entity.api.hubmapconsortium.org/entities/8b65acdfecc504e9a96c84643c3ab02c",
  "dataset_link": "https://portal.hubmapconsortium.org/browse/dataset/8b65acdfecc504e9a96c84643c3ab02c",
  "dataset_technology": "OTHER",
  "dataset_info": "salmon_rnaseq_sciseq__a44a78bfbe0e702cdc172707b6061a16__salmon-rnaseq-sciseq",
  "consortium_name": "HuBMAP",
  "provider_name": "California Institute of Technology TMC",
  "provider_uuid": "308f5ffc-ed43-11e8-b56a-0e8017bdda58",
  "donor_id": "https://entity.api.hubmapconsortium.org/entities/14aa5da0100e072b560ae411c9b8de06",
  "donor_age": 43,
  "donor_sex": "Female",
  "donor_bmi": 27.1,
  "donor_race": "White",
  "organ_id": "http://purl.obolibrary.org/obo/UBERON_0000948",
  "block_id": "https://entity.api.hubmapconsortium.org/entities/b8ee0a5027728fe5f5c70478e3d5aa95",
  "section_id": "",
  "rui_location": {
    "@context": "https://hubmapconsortium.github.io/hubmap-ontology/ccf-context.jsonld",
    "@id": "http://purl.org/ccf/1.5/16e98d8c-8983-48c2-bb41-7b1cfbbf2e4a",
    "@type": "SpatialEntity",
    "ccf_annotations": [
      "http://purl.obolibrary.org/obo/UBERON_0002084"
    ],
    "creation_date": "2021-10-22",
    "creator": "Andreas Bueckle",
    "creator_first_name": "Andreas",
    "creator_last_name": "Bueckle",
    "dimension_units": "millimeter",
    "placement": {
      "@context": "https://hubmapconsortium.github.io/hubmap-ontology/ccf-context.jsonld",
      "@id": "http://purl.org/ccf/1.5/16e98d8c-8983-48c2-bb41-7b1cfbbf2e4a_placement",
      "@type": "SpatialPlacement",
      "placement_date": "2021-10-22",
      "rotation_order": "XYZ",
      "rotation_units": "degree",
      "scaling_units": "ratio",
      "target": "http://purl.org/ccf/latest/ccf.owl#VHFHeart",
      "translation_units": "millimeter",
      "x_rotation": 24,
      "x_scaling": 1,
      "x_translation": 140.435,
      "y_rotation": -44,
      "y_scaling": 1,
      "y_translation": 38.454,
      "z_rotation": 31,
      "z_scaling": 1,
      "z_translation": 84.266
    },
    "x_dimension": 17,
    "y_dimension": 13,
    "z_dimension": 14
  },
  "dataset_cell_count": 50704,
  "dataset_gene_count": 60286
}