{
  "id": "HBM425.GDJT.648",
  "handler": "hubmap",
  "organ": "UBERON:0002113",
  "organ_source": "LK",
  "uuid": "37988db44acc8d0780e4e31cd057e789",
  "assay_type": "salmon_rnaseq_10x_sn",
  "dataset_id": "https://entity.api.hubmapconsortium.org/entities/37988db44acc8d0780e4e31cd057e789",
  "dataset_link": "https://portal.hubmapconsortium.org/browse/dataset/37988db44acc8d0780e4e31cd057e789",
  "dataset_technology": "OTHER",
  "dataset_info": "salmon_rnaseq_10x_sn__2d27debfce3d25040af54fb77b25427b__salmon-rnaseq",
  "consortium_name": "HuBMAP",
  "provider_name": "University of California San Diego TMC",
  "provider_uuid": "03b3d854-ed44-11e8-8bce-0e368f3075e8",
  "donor_id": "https://entity.api.hubmapconsortium.org/entities/4c99122862f4f34f80ee6d9cac36d61a",
  "donor_age": 54,
  "donor_sex": "Male",
  "donor_bmi": 38.6,
  "donor_race": "White",
  "organ_id": "http://purl.obolibrary.org/obo/UBERON_0002113",
  "block_id": "https://entity.api.hubmapconsortium.org/entities/2957761e1ed24c63f53714bd0d9bf25f",
  "section_id": "https://entity.api.hubmapconsortium.org/entities/6374d71efe78a3b31a12dc5a7f83f336",
  "rui_location": {
    "@context": "https://hubmapconsortium.github.io/hubmap-ontology/ccf-context.jsonld",
    "@id": "http://purl.org/ccf/1.5/2990ecc8-1854-4794-8f11-1b31c5c94e5f",
    "@type": "SpatialEntity",
    "ccf_annotations": [
      "http://purl.obolibrary.org/obo/UBERON_0002015",
      "http://purl.obolibrary.org/obo/UBERON_0001225",
      "http://purl.obolibrary.org/obo/UBERON_0002189"
    ],
    "creation_date": "2022-09-23",
    "creator": "Amanda Knoten",
    "creator_first_name": "Amanda",
    "creator_last_name": "Knoten",
    "dimension_units": "millimeter",
    "placement": {
      "@context": "https://hubmapconsortium.github.io/hubmap-ontology/ccf-context.jsonld",
      "@id": "http://purl.org/ccf/1.5/2990ecc8-1854-4794-8f11-1b31c5c94e5f_placement",
      "@type": "SpatialPlacement",
      "placement_date": "2022-09-23",
      "rotation_order": "XYZ",
      "rotation_units": "degree",
      "scaling_units": "ratio",
      "target": "http://purl.org/ccf/latest/ccf.owl#VHMLeftKidney",
      "translation_units": "millimeter",
      "x_rotation": -10,
      "x_scaling": 1,
      "x_translation": 5.101,
      "y_rotation": -30,
      "y_scaling": 1,
      "y_translation": 82.89,
      "z_rotation": 27,
      "z_scaling": 1,
      "z_translation": 41.215
    },
    "x_dimension": 2,
    "y_dimension": 3,
    "z_dimension": 2
  },
  "dataset_cell_count": 3183,
  "dataset_gene_count": 60286
}