{
  "id": "HBM693.SRHJ.546",
  "handler": "hubmap",
  "organ": "UBERON:0002108",
  "organ_source": "SI",
  "uuid": "0910bfd40695181a73e5059909e46cda",
  "assay_type": "salmon_rnaseq_10x_sn",
  "dataset_id": "https://entity.api.hubmapconsortium.org/entities/0910bfd40695181a73e5059909e46cda",
  "dataset_link": "https://portal.hubmapconsortium.org/browse/dataset/0910bfd40695181a73e5059909e46cda",
  "dataset_technology": "OTHER",
  "dataset_info": "salmon_rnaseq_10x_sn__0c36dd5c4e727cfd2efd806138268731__salmon-rnaseq",
  "consortium_name": "HuBMAP",
  "provider_name": "Stanford TMC",
  "provider_uuid": "def5fd76-ed43-11e8-b56a-0e8017bdda58",
  "donor_id": "https://entity.api.hubmapconsortium.org/entities/142d18f0a749d3d02d8b1addbca15589",
  "donor_age": 54,
  "donor_sex": "Female",
  "donor_bmi": 20.5,
  "donor_race": "Black or African American",
  "organ_id": "http://purl.obolibrary.org/obo/UBERON_0002108",
  "block_id": "https://entity.api.hubmapconsortium.org/entities/5058beb6cdf7e9445d3e3d944822762e",
  "section_id": "",
  "rui_location": {
    "@context": "https://hubmapconsortium.github.io/hubmap-ontology/ccf-context.jsonld",
    "@id": "http://purl.org/ccf/1.5/9d795171-ba1f-4ae2-9b98-9a285280ebf6",
    "@type": "SpatialEntity",
    "ccf_annotations": [
      "http://purl.obolibrary.org/obo/UBERON_0002115",
      "http://purl.obolibrary.org/obo/UBERON_0002114",
      "http://purl.obolibrary.org/obo/FMA_14926",
      "http://purl.obolibrary.org/obo/FMA_14928",
      "http://purl.obolibrary.org/obo/FMA_15077",
      "http://purl.obolibrary.org/obo/FMA_14930",
      "http://purl.obolibrary.org/obo/FMA_14929"
    ],
    "creation_date": "2022-06-08",
    "creator": "Yiing Lin",
    "creator_first_name": "Yiing",
    "creator_last_name": "Lin",
    "dimension_units": "millimeter",
    "placement": {
      "@context": "https://hubmapconsortium.github.io/hubmap-ontology/ccf-context.jsonld",
      "@id": "http://purl.org/ccf/1.5/9d795171-ba1f-4ae2-9b98-9a285280ebf6_placement",
      "@type": "SpatialPlacement",
      "placement_date": "2022-06-08",
      "rotation_order": "XYZ",
      "rotation_units": "degree",
      "scaling_units": "ratio",
      "target": "http://purl.org/ccf/latest/ccf.owl#VHFSmallIntestine",
      "translation_units": "millimeter",
      "x_rotation": 59,
      "x_scaling": 1,
      "x_translation": 81.38,
      "y_rotation": 19,
      "y_scaling": 1,
      "y_translation": 156.91,
      "z_rotation": -56,
      "z_scaling": 1,
      "z_translation": 21.022
    },
    "x_dimension": 3,
    "y_dimension": 30,
    "z_dimension": 15
  },
  "dataset_cell_count": 3560,
  "dataset_gene_count": 60286
}