{
  "id": "HBM324.FKLK.233",
  "handler": "hubmap",
  "organ": "UBERON:0002113",
  "organ_source": "RK",
  "uuid": "ae69348842e9e11be18cb3af99db834e",
  "assay_type": "Slide-seq [Salmon] data from the kidney (right) of a donor of unknown age, race and sex",
  "dataset_id": "https://entity.api.hubmapconsortium.org/entities/ae69348842e9e11be18cb3af99db834e",
  "dataset_link": "https://portal.hubmapconsortium.org/browse/dataset/ae69348842e9e11be18cb3af99db834e",
  "dataset_technology": "OTHER",
  "dataset_info": "Slide-seq [Salmon] data from the kidney (right) of a donor of unknown age, race and sex",
  "consortium_name": "HuBMAP",
  "provider_name": "Broad Institute RTI",
  "provider_uuid": "9c4a56ca-79ac-11ea-8359-0e41da796b5d",
  "donor_id": "https://entity.api.hubmapconsortium.org/entities/1e0b527a436936050455fe755dfbaba2",
  "donor_age": 67,
  "donor_sex": "Male",
  "donor_bmi": 32.14,
  "donor_race": "White",
  "organ_id": "http://purl.obolibrary.org/obo/UBERON_0002113",
  "block_id": "https://entity.api.hubmapconsortium.org/entities/0a558711c6b9d5b9029717d722a2c31c",
  "section_id": "",
  "rui_location": {
    "@context": "https://hubmapconsortium.github.io/hubmap-ontology/ccf-context.jsonld",
    "@id": "http://purl.org/ccf/1.5/df0b33f7-371a-47a4-a636-a27db19bdbc9",
    "@type": "SpatialEntity",
    "ccf_annotations": [
      "http://purl.obolibrary.org/obo/UBERON_0000362",
      "http://purl.obolibrary.org/obo/UBERON_0002015",
      "http://purl.obolibrary.org/obo/UBERON_0001225",
      "http://purl.obolibrary.org/obo/UBERON_0002189",
      "http://purl.obolibrary.org/obo/UBERON_0004200",
      "http://purl.obolibrary.org/obo/UBERON_0001284"
    ],
    "creation_date": "2022-09-23",
    "creator": "Amanda Knoten",
    "creator_first_name": "Amanda",
    "creator_last_name": "Knoten",
    "dimension_units": "millimeter",
    "placement": {
      "@context": "https://hubmapconsortium.github.io/hubmap-ontology/ccf-context.jsonld",
      "@id": "http://purl.org/ccf/1.5/df0b33f7-371a-47a4-a636-a27db19bdbc9_placement",
      "@type": "SpatialPlacement",
      "placement_date": "2022-09-23",
      "rotation_order": "XYZ",
      "rotation_units": "degree",
      "scaling_units": "ratio",
      "target": "http://purl.org/ccf/latest/ccf.owl#VHMRightKidney",
      "translation_units": "millimeter",
      "x_rotation": -30,
      "x_scaling": 1,
      "x_translation": 56.641,
      "y_rotation": -22,
      "y_scaling": 1,
      "y_translation": 88.893,
      "z_rotation": 22,
      "z_scaling": 1,
      "z_translation": 30.677
    },
    "x_dimension": 4,
    "y_dimension": 6,
    "z_dimension": 2
  },
  "dataset_cell_count": 22676,
  "dataset_gene_count": 60286
}