{
  "id": "HBM255.NWHK.947",
  "handler": "hubmap",
  "organ": "UBERON:0000059",
  "organ_source": "LI",
  "uuid": "ba3081716f3fa98a1670b0864c5115ff",
  "assay_type": "salmon_rnaseq_10x",
  "dataset_id": "https://entity.api.hubmapconsortium.org/entities/ba3081716f3fa98a1670b0864c5115ff",
  "dataset_link": "https://portal.hubmapconsortium.org/browse/dataset/ba3081716f3fa98a1670b0864c5115ff",
  "dataset_technology": "OTHER",
  "dataset_info": "salmon_rnaseq_10x__e18254c67c8a0bb625f3748a2501a0bb__salmon-rnaseq",
  "consortium_name": "HuBMAP",
  "provider_name": "Stanford TMC",
  "provider_uuid": "def5fd76-ed43-11e8-b56a-0e8017bdda58",
  "donor_id": "https://entity.api.hubmapconsortium.org/entities/d3ad6409d2ad37ef7dbcc90ccc199f68",
  "donor_age": 78,
  "donor_sex": "Male",
  "donor_bmi": 35.1,
  "donor_race": "Black or African American",
  "organ_id": "http://purl.obolibrary.org/obo/UBERON_0000059",
  "block_id": "https://entity.api.hubmapconsortium.org/entities/8b675fffca25c82c530bea18d7b6294e",
  "section_id": "",
  "rui_location": {
    "@context": "https://hubmapconsortium.github.io/hubmap-ontology/ccf-context.jsonld",
    "@id": "http://purl.org/ccf/1.5/fb4cec06-b147-4277-a6cf-8aa21e294183",
    "@type": "SpatialEntity",
    "ccf_annotations": [
      "http://purl.obolibrary.org/obo/UBERON_0001159",
      "http://purl.obolibrary.org/obo/UBERON_0001157",
      "http://purl.obolibrary.org/obo/UBERON_0002114",
      "http://purl.obolibrary.org/obo/UBERON_0002115",
      "http://purl.obolibrary.org/obo/FMA_14966",
      "http://purl.obolibrary.org/obo/UBERON_0001158",
      "http://purl.obolibrary.org/obo/UBERON_0022276"
    ],
    "creation_date": "2022-02-16",
    "creator": "Yiing Lin",
    "creator_first_name": "Yiing",
    "creator_last_name": "Lin",
    "dimension_units": "millimeter",
    "placement": {
      "@context": "https://hubmapconsortium.github.io/hubmap-ontology/ccf-context.jsonld",
      "@id": "http://purl.org/ccf/1.5/fb4cec06-b147-4277-a6cf-8aa21e294183_placement",
      "@type": "SpatialPlacement",
      "placement_date": "2022-02-16",
      "rotation_order": "XYZ",
      "rotation_units": "degree",
      "scaling_units": "ratio",
      "target": "http://purl.org/ccf/latest/ccf.owl#VHMColon",
      "translation_units": "millimeter",
      "x_rotation": 0,
      "x_scaling": 1,
      "x_translation": 237.002,
      "y_rotation": 90,
      "y_scaling": 1,
      "y_translation": 257.776,
      "z_rotation": 0,
      "z_scaling": 1,
      "z_translation": 99.434
    },
    "slice_count": 1,
    "slice_thickness": 1,
    "x_dimension": 20,
    "y_dimension": 50,
    "z_dimension": 5
  },
  "dataset_cell_count": 3846,
  "dataset_gene_count": 60286
}