{
    "input_file": "/var/lib/cwl/stg39c9399d-c8a3-4864-b256-6e3741d79616/data.h5ad",
    "total_cells": 6858,
    "low_quality_cells": 56,
    "percent_low_quality": 0.82,
    "mean_pct_counts_mt": 0.0,
    "mean_pct_counts_ribo": 0.0,
    "thresholds": {
        "min_genes": 200,
        "max_genes": 7500,
        "max_mt": 5.0,
        "min_ribo": null,
        "mt_prefix": "MT-",
        "ribo_prefixes": [
            "RPS",
            "RPL"
        ]
    },
    "files": {
        "qc_per_cell_csv": "qc_results/qc_per_cell.csv",
        "qc_summary_csv": "qc_results/qc_summary.csv"
    }
}