{
    "input_file": "/var/lib/cwl/stg6f68cec7-7a7d-4f63-b1f3-c05a00a31a82/data.h5ad",
    "total_cells": 100957,
    "low_quality_cells": 75628,
    "percent_low_quality": 74.91,
    "mean_pct_counts_mt": 0.0,
    "mean_pct_counts_ribo": 0.0,
    "thresholds": {
        "min_genes": 200,
        "max_genes": 7500,
        "max_mt": 5.0,
        "min_ribo": null,
        "mt_prefix": "MT-",
        "ribo_prefixes": [
            "RPS",
            "RPL"
        ]
    },
    "files": {
        "qc_per_cell_csv": "qc_results/qc_per_cell.csv",
        "qc_summary_csv": "qc_results/qc_summary.csv"
    }
}