{
  "id": "HBM943.LMMD.654",
  "handler": "hubmap",
  "organ": "UBERON:0000059",
  "organ_source": "LI",
  "uuid": "cd0ad2f9ed2f896e682ecacfbdac01ab",
  "assay_type": "salmon_rnaseq_10x_sn",
  "dataset_id": "https://entity.api.hubmapconsortium.org/entities/cd0ad2f9ed2f896e682ecacfbdac01ab",
  "dataset_link": "https://portal.hubmapconsortium.org/browse/dataset/cd0ad2f9ed2f896e682ecacfbdac01ab",
  "dataset_technology": "OTHER",
  "dataset_info": "salmon_rnaseq_10x_sn__d0d78e336b44bdd16c16bddb646de88e__salmon-rnaseq",
  "consortium_name": "HuBMAP",
  "provider_name": "Stanford TMC",
  "provider_uuid": "def5fd76-ed43-11e8-b56a-0e8017bdda58",
  "donor_id": "https://entity.api.hubmapconsortium.org/entities/80861d1897f0427a91e8e1886bde9009",
  "donor_age": 37,
  "donor_sex": "Male",
  "donor_bmi": 27.9,
  "donor_race": "White",
  "organ_id": "http://purl.obolibrary.org/obo/UBERON_0000059",
  "block_id": "https://entity.api.hubmapconsortium.org/entities/acdb17a3cd92f28a6eb8ab5904c37dd3",
  "section_id": "",
  "rui_location": {
    "@context": "https://hubmapconsortium.github.io/hubmap-ontology/ccf-context.jsonld",
    "@id": "http://purl.org/ccf/1.5/ba9d007b-c5c7-4231-80f9-42403a98a6df",
    "@type": "SpatialEntity",
    "ccf_annotations": [
      "http://purl.obolibrary.org/obo/UBERON_0001158",
      "http://purl.obolibrary.org/obo/UBERON_0022276",
      "http://purl.obolibrary.org/obo/UBERON_0001157"
    ],
    "creation_date": "2022-06-08",
    "creator": "Yiing Lin",
    "creator_first_name": "Yiing",
    "creator_last_name": "Lin",
    "dimension_units": "millimeter",
    "placement": {
      "@context": "https://hubmapconsortium.github.io/hubmap-ontology/ccf-context.jsonld",
      "@id": "http://purl.org/ccf/1.5/ba9d007b-c5c7-4231-80f9-42403a98a6df_placement",
      "@type": "SpatialPlacement",
      "placement_date": "2022-06-08",
      "rotation_order": "XYZ",
      "rotation_units": "degree",
      "scaling_units": "ratio",
      "target": "http://purl.org/ccf/latest/ccf.owl#VHMColon",
      "translation_units": "millimeter",
      "x_rotation": 0,
      "x_scaling": 1,
      "x_translation": 237.002,
      "y_rotation": 90,
      "y_scaling": 1,
      "y_translation": 257.776,
      "z_rotation": 0,
      "z_scaling": 1,
      "z_translation": 99.434
    },
    "slice_count": 1,
    "slice_thickness": 1,
    "x_dimension": 20,
    "y_dimension": 50,
    "z_dimension": 5
  },
  "dataset_cell_count": 6767,
  "dataset_gene_count": 60286
}