{
  "id": "HBM322.XJQZ.894",
  "handler": "hubmap",
  "organ": "UBERON:0002113",
  "organ_source": "LK",
  "uuid": "42ab155ddff1d33fe1c505c067828614",
  "assay_type": "salmon_rnaseq_10x_sn",
  "dataset_id": "https://entity.api.hubmapconsortium.org/entities/42ab155ddff1d33fe1c505c067828614",
  "dataset_link": "https://portal.hubmapconsortium.org/browse/dataset/42ab155ddff1d33fe1c505c067828614",
  "dataset_technology": "OTHER",
  "dataset_info": "salmon_rnaseq_10x_sn__06ff98c01295ca5ea504a676f73f9a09__salmon-rnaseq",
  "consortium_name": "HuBMAP",
  "provider_name": "University of California San Diego TMC",
  "provider_uuid": "03b3d854-ed44-11e8-8bce-0e368f3075e8",
  "donor_id": "https://entity.api.hubmapconsortium.org/entities/ab8258a97e0820c294d1f0ba2d261f61",
  "donor_age": 66,
  "donor_sex": "Male",
  "donor_bmi": 29.1,
  "donor_race": "White",
  "organ_id": "http://purl.obolibrary.org/obo/UBERON_0002113",
  "block_id": "https://entity.api.hubmapconsortium.org/entities/cc5da33c5239011f75c06918dad38914",
  "section_id": "https://entity.api.hubmapconsortium.org/entities/793395e392ff0cdbe74ab82f4155b62b",
  "rui_location": {
    "@context": "https://hubmapconsortium.github.io/hubmap-ontology/ccf-context.jsonld",
    "@id": "http://purl.org/ccf/1.5/f31c1726-c693-4734-8c1c-4f1d64bbe034",
    "@type": "SpatialEntity",
    "ccf_annotations": [
      "http://purl.obolibrary.org/obo/UBERON_0002015",
      "http://purl.obolibrary.org/obo/UBERON_0001225",
      "http://purl.obolibrary.org/obo/UBERON_0002189",
      "http://purl.obolibrary.org/obo/UBERON_0000362",
      "http://purl.obolibrary.org/obo/UBERON_0001228",
      "http://purl.obolibrary.org/obo/UBERON_0004200",
      "http://purl.obolibrary.org/obo/UBERON_0001284",
      "http://purl.obolibrary.org/obo/UBERON_0006517",
      "http://purl.obolibrary.org/obo/UBERON_0001227",
      "http://purl.obolibrary.org/obo/UBERON_0008716"
    ],
    "creation_date": "2021-10-03",
    "creator": "Amanda Knoten",
    "creator_first_name": "Amanda",
    "creator_last_name": "Knoten",
    "dimension_units": "millimeter",
    "placement": {
      "@context": "https://hubmapconsortium.github.io/hubmap-ontology/ccf-context.jsonld",
      "@id": "http://purl.org/ccf/1.5/f31c1726-c693-4734-8c1c-4f1d64bbe034_placement",
      "@type": "SpatialPlacement",
      "placement_date": "2021-10-03",
      "rotation_order": "XYZ",
      "rotation_units": "degree",
      "scaling_units": "ratio",
      "target": "http://purl.org/ccf/latest/ccf.owl#VHMLeftKidney",
      "translation_units": "millimeter",
      "x_rotation": 105,
      "x_scaling": 1,
      "x_translation": 50.009,
      "y_rotation": 131,
      "y_scaling": 1,
      "y_translation": 65.904,
      "z_rotation": 44,
      "z_scaling": 1,
      "z_translation": 60.555
    },
    "x_dimension": 5,
    "y_dimension": 6,
    "z_dimension": 2
  },
  "dataset_cell_count": 8307,
  "dataset_gene_count": 60286
}