{
  "id": "HBM759.CHJW.244",
  "handler": "hubmap",
  "organ": "UBERON:0002113",
  "organ_source": "RK",
  "uuid": "b99fc30c4195958fbef217fa9ed9ec8f",
  "assay_type": "salmon_rnaseq_10x_sn",
  "dataset_id": "https://entity.api.hubmapconsortium.org/entities/b99fc30c4195958fbef217fa9ed9ec8f",
  "dataset_link": "https://portal.hubmapconsortium.org/browse/dataset/b99fc30c4195958fbef217fa9ed9ec8f",
  "dataset_technology": "OTHER",
  "dataset_info": "salmon_rnaseq_10x_sn__8b3db0f2c19af6ab7f5a9b3afbec9c23__salmon-rnaseq",
  "consortium_name": "HuBMAP",
  "provider_name": "University of California San Diego TMC",
  "provider_uuid": "03b3d854-ed44-11e8-8bce-0e368f3075e8",
  "donor_id": "https://entity.api.hubmapconsortium.org/entities/1e0b527a436936050455fe755dfbaba2",
  "donor_age": 67,
  "donor_sex": "Male",
  "donor_bmi": 32.14,
  "donor_race": "White",
  "organ_id": "http://purl.obolibrary.org/obo/UBERON_0002113",
  "block_id": "https://entity.api.hubmapconsortium.org/entities/2c523a98b87af1d9c7c7499b3817822f",
  "section_id": "https://entity.api.hubmapconsortium.org/entities/48fd1844995ee64cbd706e12358c168e",
  "rui_location": {
    "@context": "https://hubmapconsortium.github.io/hubmap-ontology/ccf-context.jsonld",
    "@id": "http://purl.org/ccf/1.5/69ac0df4-f442-4d62-90dc-86fcbc38eb23",
    "@type": "SpatialEntity",
    "ccf_annotations": [
      "http://purl.obolibrary.org/obo/UBERON_0000362",
      "http://purl.obolibrary.org/obo/UBERON_0004200",
      "http://purl.obolibrary.org/obo/UBERON_0001284"
    ],
    "creation_date": "2022-06-08",
    "creator": "Amanda Knoten",
    "creator_first_name": "Amanda",
    "creator_last_name": "Knoten",
    "dimension_units": "millimeter",
    "placement": {
      "@context": "https://hubmapconsortium.github.io/hubmap-ontology/ccf-context.jsonld",
      "@id": "http://purl.org/ccf/1.5/69ac0df4-f442-4d62-90dc-86fcbc38eb23_placement",
      "@type": "SpatialPlacement",
      "placement_date": "2022-06-08",
      "rotation_order": "XYZ",
      "rotation_units": "degree",
      "scaling_units": "ratio",
      "target": "http://purl.org/ccf/latest/ccf.owl#VHMRightKidney",
      "translation_units": "millimeter",
      "x_rotation": -38,
      "x_scaling": 1,
      "x_translation": 49.218,
      "y_rotation": -42,
      "y_scaling": 1,
      "y_translation": 89.302,
      "z_rotation": 0,
      "z_scaling": 1,
      "z_translation": 32.177
    },
    "x_dimension": 4,
    "y_dimension": 5,
    "z_dimension": 2
  },
  "dataset_cell_count": 3982,
  "dataset_gene_count": 60286
}