{
    "input_file": "/var/lib/cwl/stg6c123928-4b90-47b5-8b6c-5f16157a8180/data.h5ad",
    "total_cells": 4824,
    "low_quality_cells": 315,
    "percent_low_quality": 6.53,
    "mean_pct_counts_mt": 0.0,
    "mean_pct_counts_ribo": 0.0,
    "thresholds": {
        "min_genes": 200,
        "max_genes": 7500,
        "max_mt": 5.0,
        "min_ribo": null,
        "mt_prefix": "MT-",
        "ribo_prefixes": [
            "RPS",
            "RPL"
        ]
    },
    "files": {
        "qc_per_cell_csv": "qc_results/qc_per_cell.csv",
        "qc_summary_csv": "qc_results/qc_summary.csv"
    }
}