{
  "id": "HBM844.RXXR.293",
  "handler": "hubmap",
  "organ": "UBERON:0000059",
  "organ_source": "LI",
  "uuid": "061b6c8f8e76f9be125f0f93e7734642",
  "assay_type": "salmon_rnaseq_10x_sn",
  "dataset_id": "https://entity.api.hubmapconsortium.org/entities/061b6c8f8e76f9be125f0f93e7734642",
  "dataset_link": "https://portal.hubmapconsortium.org/browse/dataset/061b6c8f8e76f9be125f0f93e7734642",
  "dataset_technology": "OTHER",
  "dataset_info": "salmon_rnaseq_10x_sn__26f0411b367f3be866f907609909fc5b__salmon-rnaseq",
  "consortium_name": "HuBMAP",
  "provider_name": "Stanford TMC",
  "provider_uuid": "def5fd76-ed43-11e8-b56a-0e8017bdda58",
  "donor_id": "https://entity.api.hubmapconsortium.org/entities/1628b6f7eb615862322d6274a6bc9fa0",
  "donor_age": 67,
  "donor_sex": "Female",
  "donor_bmi": 30.2,
  "donor_race": "White",
  "organ_id": "http://purl.obolibrary.org/obo/UBERON_0000059",
  "block_id": "https://entity.api.hubmapconsortium.org/entities/96d320ccb24a968bc32571895cf1b05e",
  "section_id": "",
  "rui_location": {
    "@context": "https://hubmapconsortium.github.io/hubmap-ontology/ccf-context.jsonld",
    "@id": "http://purl.org/ccf/1.5/4104aaa3-c9e7-44a2-acf6-58fbf19e4308",
    "@type": "SpatialEntity",
    "ccf_annotations": [
      "http://purl.obolibrary.org/obo/UBERON_0001159",
      "http://purl.obolibrary.org/obo/UBERON_0001154",
      "http://purl.obolibrary.org/obo/UBERON_0001158",
      "http://purl.obolibrary.org/obo/UBERON_0001052"
    ],
    "creation_date": "2022-02-16",
    "creator": "Yiing Lin",
    "creator_first_name": "Yiing",
    "creator_last_name": "Lin",
    "dimension_units": "millimeter",
    "placement": {
      "@context": "https://hubmapconsortium.github.io/hubmap-ontology/ccf-context.jsonld",
      "@id": "http://purl.org/ccf/1.5/4104aaa3-c9e7-44a2-acf6-58fbf19e4308_placement",
      "@type": "SpatialPlacement",
      "placement_date": "2022-02-16",
      "rotation_order": "XYZ",
      "rotation_units": "degree",
      "scaling_units": "ratio",
      "target": "http://purl.org/ccf/latest/ccf.owl#VHFLargeIntestine",
      "translation_units": "millimeter",
      "x_rotation": 90,
      "x_scaling": 1,
      "x_translation": 115.299,
      "y_rotation": 0,
      "y_scaling": 1,
      "y_translation": 104.423,
      "z_rotation": 78,
      "z_scaling": 1,
      "z_translation": 95.471
    },
    "x_dimension": 20,
    "y_dimension": 50,
    "z_dimension": 5
  },
  "dataset_cell_count": 6000,
  "dataset_gene_count": 60286
}