{
  "id": "HBM879.SGNW.944",
  "handler": "hubmap",
  "organ": "UBERON:0002113",
  "organ_source": "RK",
  "uuid": "59249f23ecdcc975c90de9a1956a5285",
  "assay_type": "salmon_rnaseq_10x_sn",
  "dataset_id": "https://entity.api.hubmapconsortium.org/entities/59249f23ecdcc975c90de9a1956a5285",
  "dataset_link": "https://portal.hubmapconsortium.org/browse/dataset/59249f23ecdcc975c90de9a1956a5285",
  "dataset_technology": "OTHER",
  "dataset_info": "salmon_rnaseq_10x_sn__46e8ffd2350efd19f771c6fb6a51f6cc__salmon-rnaseq",
  "consortium_name": "HuBMAP",
  "provider_name": "University of California San Diego TMC",
  "provider_uuid": "03b3d854-ed44-11e8-8bce-0e368f3075e8",
  "donor_id": "https://entity.api.hubmapconsortium.org/entities/b8f375d33daa5228782abd838d851b8d",
  "donor_age": 59,
  "donor_sex": "Female",
  "donor_bmi": 23.1,
  "donor_race": "White",
  "organ_id": "http://purl.obolibrary.org/obo/UBERON_0002113",
  "block_id": "https://entity.api.hubmapconsortium.org/entities/a5a5a3bff1df2a6c378d85316161bd5b",
  "section_id": "https://entity.api.hubmapconsortium.org/entities/4b58b7e123a66e1924a7410b6d87cfcd",
  "rui_location": {
    "@context": "https://hubmapconsortium.github.io/hubmap-ontology/ccf-context.jsonld",
    "@id": "http://purl.org/ccf/1.5/6f74a57b-41ce-4581-a206-2e84b58c1c98",
    "@type": "SpatialEntity",
    "ccf_annotations": [
      "http://purl.obolibrary.org/obo/UBERON_0002015",
      "http://purl.obolibrary.org/obo/UBERON_0001225",
      "http://purl.obolibrary.org/obo/UBERON_0002189",
      "http://purl.obolibrary.org/obo/UBERON_0000362",
      "http://purl.obolibrary.org/obo/UBERON_0001228",
      "http://purl.obolibrary.org/obo/UBERON_0004200",
      "http://purl.obolibrary.org/obo/UBERON_0001284",
      "http://purl.obolibrary.org/obo/UBERON_0006517",
      "http://purl.obolibrary.org/obo/UBERON_0001227",
      "http://purl.obolibrary.org/obo/UBERON_0008716"
    ],
    "creation_date": "2021-10-03",
    "creator": "Amanda  Knoten",
    "creator_first_name": "Amanda ",
    "creator_last_name": "Knoten",
    "dimension_units": "millimeter",
    "placement": {
      "@context": "https://hubmapconsortium.github.io/hubmap-ontology/ccf-context.jsonld",
      "@id": "http://purl.org/ccf/1.5/6f74a57b-41ce-4581-a206-2e84b58c1c98_placement",
      "@type": "SpatialPlacement",
      "placement_date": "2021-10-03",
      "rotation_order": "XYZ",
      "rotation_units": "degree",
      "scaling_units": "ratio",
      "target": "http://purl.org/ccf/latest/ccf.owl#VHFRightKidney",
      "translation_units": "millimeter",
      "x_rotation": 34,
      "x_scaling": 1,
      "x_translation": 28.368,
      "y_rotation": 13,
      "y_scaling": 1,
      "y_translation": 20.425,
      "z_rotation": 0,
      "z_scaling": 1,
      "z_translation": 42.489
    },
    "x_dimension": 3,
    "y_dimension": 13,
    "z_dimension": 2
  },
  "dataset_cell_count": 9801,
  "dataset_gene_count": 60286
}