{
  "id": "HBM449.JXLG.799",
  "handler": "hubmap",
  "organ": "UBERON:0002048",
  "organ_source": "RL",
  "uuid": "d8ec264c4660ef7053764f71ae1789d0",
  "assay_type": "salmon_rnaseq_snareseq",
  "dataset_id": "https://entity.api.hubmapconsortium.org/entities/d8ec264c4660ef7053764f71ae1789d0",
  "dataset_link": "https://portal.hubmapconsortium.org/browse/dataset/d8ec264c4660ef7053764f71ae1789d0",
  "dataset_technology": "OTHER",
  "dataset_info": "salmon_rnaseq_snareseq__6ae8dd70fa2de19016fcb9c81afc11c7_b8f2f968030b16280a77795a6babaf16_838a481d4970d865de933429868a06bc__salmon-rnaseq-snareseq",
  "consortium_name": "HuBMAP",
  "provider_name": "University of California San Diego TMC",
  "provider_uuid": "03b3d854-ed44-11e8-8bce-0e368f3075e8",
  "donor_id": "https://entity.api.hubmapconsortium.org/entities/4397fcd072ac96299992b47da1dbae64",
  "donor_age": 37,
  "donor_sex": "Male",
  "donor_bmi": "",
  "donor_race": "Black or African American",
  "organ_id": "http://purl.obolibrary.org/obo/UBERON_0002048",
  "block_id": "https://entity.api.hubmapconsortium.org/entities/5d53bd5a71569c59c90d1608cd3da5c9",
  "section_id": "https://entity.api.hubmapconsortium.org/entities/2fc813d446a6ffc4d49d30f9dc77e5eb",
  "rui_location": {
    "@context": "https://hubmapconsortium.github.io/hubmap-ontology/ccf-context.jsonld",
    "@id": "http://purl.org/ccf/1.5/f15f5400-2ef9-45fc-bf0f-72f14d6f8f9e",
    "@type": "SpatialEntity",
    "ccf_annotations": [
      "http://purl.obolibrary.org/obo/UBERON_0002048",
      "http://purl.obolibrary.org/obo/UBERON_0002167",
      "http://purl.obolibrary.org/obo/UBERON_0002174",
      "http://purl.org/sig/ont/fma/fma7360",
      "http://purl.obolibrary.org/obo/UBERON_0002185",
      "http://purl.obolibrary.org/obo/UBERON_0002184",
      "http://purl.org/sig/ont/fma/fma7361",
      "http://purl.org/sig/ont/fma/fma62649",
      "http://purl.obolibrary.org/obo/UBERON_0002171",
      "http://purl.org/sig/ont/fma/fma7364"
    ],
    "creation_date": "2021-09-23",
    "creator": "Gloria Pryhuber",
    "creator_first_name": "Gloria",
    "creator_last_name": "Pryhuber",
    "dimension_units": "millimeter",
    "placement": {
      "@context": "https://hubmapconsortium.github.io/hubmap-ontology/ccf-context.jsonld",
      "@id": "http://purl.org/ccf/1.5/f15f5400-2ef9-45fc-bf0f-72f14d6f8f9e_placement",
      "@type": "SpatialPlacement",
      "placement_date": "2021-09-23",
      "rotation_order": "XYZ",
      "rotation_units": "degree",
      "scaling_units": "ratio",
      "target": "http://purl.org/ccf/latest/ccf.owl#VHMLung",
      "translation_units": "millimeter",
      "x_rotation": 32,
      "x_scaling": 1,
      "x_translation": 82.092,
      "y_rotation": 12,
      "y_scaling": 1,
      "y_translation": 77.64,
      "z_rotation": 69,
      "z_scaling": 1,
      "z_translation": 159.169
    },
    "x_dimension": 15,
    "y_dimension": 10,
    "z_dimension": 5
  },
  "dataset_cell_count": 100608,
  "dataset_gene_count": 60286
}