{
  "id": "HBM927.FWCN.753",
  "handler": "hubmap",
  "organ": "UBERON:0000059",
  "organ_source": "LI",
  "uuid": "277152f17b5a2f308820ab4d85c5a426",
  "assay_type": "salmon_rnaseq_10x",
  "dataset_id": "https://entity.api.hubmapconsortium.org/entities/277152f17b5a2f308820ab4d85c5a426",
  "dataset_link": "https://portal.hubmapconsortium.org/browse/dataset/277152f17b5a2f308820ab4d85c5a426",
  "dataset_technology": "OTHER",
  "dataset_info": "salmon_rnaseq_10x__c3d36358b184be55ac977abea5755447__salmon-rnaseq",
  "consortium_name": "HuBMAP",
  "provider_name": "Stanford TMC",
  "provider_uuid": "def5fd76-ed43-11e8-b56a-0e8017bdda58",
  "donor_id": "https://entity.api.hubmapconsortium.org/entities/be425f8a2963dda1d3a7a0c79de5e466",
  "donor_age": 24,
  "donor_sex": "Female",
  "donor_bmi": 23.2,
  "donor_race": "White",
  "organ_id": "http://purl.obolibrary.org/obo/UBERON_0000059",
  "block_id": "https://entity.api.hubmapconsortium.org/entities/932a048745b3d30bacd0cfc9ba692136",
  "section_id": "",
  "rui_location": {
    "@context": "https://hubmapconsortium.github.io/hubmap-ontology/ccf-context.jsonld",
    "@id": "http://purl.org/ccf/1.5/6ade433a-7d52-4e1e-ab9d-9bf8c118114c",
    "@type": "SpatialEntity",
    "ccf_annotations": [
      "http://purl.obolibrary.org/obo/UBERON_0001158"
    ],
    "creation_date": "2022-02-16",
    "creator": "Yiing Lin",
    "creator_first_name": "Yiing",
    "creator_last_name": "Lin",
    "dimension_units": "millimeter",
    "placement": {
      "@context": "https://hubmapconsortium.github.io/hubmap-ontology/ccf-context.jsonld",
      "@id": "http://purl.org/ccf/1.5/6ade433a-7d52-4e1e-ab9d-9bf8c118114c_placement",
      "@type": "SpatialPlacement",
      "placement_date": "2022-02-16",
      "rotation_order": "XYZ",
      "rotation_units": "degree",
      "scaling_units": "ratio",
      "target": "http://purl.org/ccf/latest/ccf.owl#VHFLargeIntestine",
      "translation_units": "millimeter",
      "x_rotation": 0,
      "x_scaling": 1,
      "x_translation": 230.572,
      "y_rotation": 90,
      "y_scaling": 1,
      "y_translation": 164.066,
      "z_rotation": 0,
      "z_scaling": 1,
      "z_translation": 103.282
    },
    "slice_count": 1,
    "slice_thickness": 1,
    "x_dimension": 20,
    "y_dimension": 50,
    "z_dimension": 5
  },
  "dataset_cell_count": 2119,
  "dataset_gene_count": 60286
}