{
  "id": "HBM538.XQHP.544",
  "handler": "hubmap",
  "organ": "UBERON:0000059",
  "organ_source": "LI",
  "uuid": "f3256b912f001d1b58877100b96e38a2",
  "assay_type": "salmon_rnaseq_10x_sn",
  "dataset_id": "https://entity.api.hubmapconsortium.org/entities/f3256b912f001d1b58877100b96e38a2",
  "dataset_link": "https://portal.hubmapconsortium.org/browse/dataset/f3256b912f001d1b58877100b96e38a2",
  "dataset_technology": "OTHER",
  "dataset_info": "salmon_rnaseq_10x_sn__4769351fc3e3b4e684f819af205faed1__salmon-rnaseq",
  "consortium_name": "HuBMAP",
  "provider_name": "Stanford TMC",
  "provider_uuid": "def5fd76-ed43-11e8-b56a-0e8017bdda58",
  "donor_id": "https://entity.api.hubmapconsortium.org/entities/909b44eb01033314b357a3692b583387",
  "donor_age": 38,
  "donor_sex": "Male",
  "donor_bmi": 29,
  "donor_race": "White",
  "organ_id": "http://purl.obolibrary.org/obo/UBERON_0000059",
  "block_id": "https://entity.api.hubmapconsortium.org/entities/8113a08108f2d3174b7baf988aa18c95",
  "section_id": "",
  "rui_location": {
    "@context": "https://hubmapconsortium.github.io/hubmap-ontology/ccf-context.jsonld",
    "@id": "http://purl.org/ccf/1.5/5df04f61-5fcc-4035-92c3-631f772a6ce0",
    "@type": "SpatialEntity",
    "ccf_annotations": [
      "http://purl.obolibrary.org/obo/UBERON_0001156"
    ],
    "creation_date": "2022-02-16",
    "creator": "Yiing Lin",
    "creator_first_name": "Yiing",
    "creator_last_name": "Lin",
    "dimension_units": "millimeter",
    "placement": {
      "@context": "https://hubmapconsortium.github.io/hubmap-ontology/ccf-context.jsonld",
      "@id": "http://purl.org/ccf/1.5/5df04f61-5fcc-4035-92c3-631f772a6ce0_placement",
      "@type": "SpatialPlacement",
      "placement_date": "2022-02-16",
      "rotation_order": "XYZ",
      "rotation_units": "degree",
      "scaling_units": "ratio",
      "target": "http://purl.org/ccf/latest/ccf.owl#VHMColon",
      "translation_units": "millimeter",
      "x_rotation": 0,
      "x_scaling": 1,
      "x_translation": 13.723,
      "y_rotation": 90,
      "y_scaling": 1,
      "y_translation": 244.694,
      "z_rotation": 0,
      "z_scaling": 1,
      "z_translation": 134.52
    },
    "slice_count": 1,
    "slice_thickness": 1,
    "x_dimension": 20,
    "y_dimension": 50,
    "z_dimension": 5
  },
  "dataset_cell_count": 6000,
  "dataset_gene_count": 60286
}