{
    "input_file": "/var/lib/cwl/stg74961837-f294-49e7-955e-4f579fa4e6ba/data.h5ad",
    "total_cells": 35052,
    "low_quality_cells": 25172,
    "percent_low_quality": 71.81,
    "mean_pct_counts_mt": 0.0,
    "mean_pct_counts_ribo": 0.0,
    "thresholds": {
        "min_genes": 200,
        "max_genes": 7500,
        "max_mt": 5.0,
        "min_ribo": null,
        "mt_prefix": "MT-",
        "ribo_prefixes": [
            "RPS",
            "RPL"
        ]
    },
    "files": {
        "qc_per_cell_csv": "qc_results/qc_per_cell.csv",
        "qc_summary_csv": "qc_results/qc_summary.csv"
    }
}