{
    "input_file": "/var/lib/cwl/stg0c9aebcf-01ff-49c5-afc7-63d33e25a367/data.h5ad",
    "total_cells": 53637,
    "low_quality_cells": 48351,
    "percent_low_quality": 90.14,
    "mean_pct_counts_mt": 0.0,
    "mean_pct_counts_ribo": 0.0,
    "thresholds": {
        "min_genes": 200,
        "max_genes": 7500,
        "max_mt": 5.0,
        "min_ribo": null,
        "mt_prefix": "MT-",
        "ribo_prefixes": [
            "RPS",
            "RPL"
        ]
    },
    "files": {
        "qc_per_cell_csv": "qc_results/qc_per_cell.csv",
        "qc_summary_csv": "qc_results/qc_summary.csv"
    }
}