,n_genes_by_counts,total_counts,pct_counts_mt,pct_counts_ribo,low_quality
AAACCCAAGTTCCATG-1-H0035_RA,732,898.4664,0.0,0.0,False
AAACGAAGTAGGAGTC-1-H0035_RA,718,902.55853,0.0,0.0,False
AAACGCTAGCCTCATA-1-H0035_RA,1152,966.7614,0.0,0.0,False
AAACGCTGTCCAAAGG-1-H0035_RA,1061,1035.9784,0.0,0.0,False
AAAGAACAGCCTCTTC-1-H0035_RA,945,982.6109,0.0,0.0,False
AAAGGATAGCCGTTGC-1-H0035_RA,479,733.04504,0.0,0.0,False
AAAGGATCAGTAGAAT-1-H0035_RA,2100,1185.4023,0.0,0.0,False
AAAGGGCAGCATGCAG-1-H0035_RA,1565,1105.2527,0.0,0.0,False
AAAGGTATCGACACTA-1-H0035_RA,1059,1023.8978,0.0,0.0,False
AAAGTCCTCTAAGAAG-1-H0035_RA,1401,1110.9609,0.0,0.0,False
AAATGGAGTACAAACA-1-H0035_RA,3229,1223.0153,0.0,0.0,False
AACAAAGAGCGATCGA-1-H0035_RA,1754,1215.4066,0.0,0.0,False
AACAACCCAATTGAAG-1-H0035_RA,1144,974.713,0.0,0.0,False
AACAAGACAGCTGAGA-1-H0035_RA,1648,1155.156,0.0,0.0,False
AACAAGAGTAATGCGG-1-H0035_RA,447,692.2517,0.0,0.0,False
AACACACAGCGCCTCA-1-H0035_RA,2947,1132.1074,0.0,0.0,False
AACACACAGGGCCTCT-1-H0035_RA,1820,1196.5889,0.0,0.0,False
AACAGGGAGTAGCCAG-1-H0035_RA,495,703.7754,0.0,0.0,False
AACAGGGTCTGCTTTA-1-H0035_RA,1961,1213.6096,0.0,0.0,False
AACCACATCTCCGAGG-1-H0035_RA,890,972.3333,0.0,0.0,False
AACCATGAGACTGTTC-1-H0035_RA,3281,1246.6954,0.0,0.0,False
AACCATGAGTCAGCGA-1-H0035_RA,1922,1192.7197,0.0,0.0,False
AACCATGGTATGTGTC-1-H0035_RA,705,875.56836,0.0,0.0,False
AACCATGGTCAACCTA-1-H0035_RA,742,877.49567,0.0,0.0,False
AACCCAAAGAAATCCA-1-H0035_RA,3504,1197.549,0.0,0.0,False
AACCCAACAAGTGGCA-1-H0035_RA,4938,1375.4595,0.0,0.0,False
AACCTGAAGGCTGAAC-1-H0035_RA,4909,1328.5498,0.0,0.0,False
AACCTTTAGGCGATAC-1-H0035_RA,1447,1105.6262,0.0,0.0,False
AACCTTTCATCTCAAG-1-H0035_RA,2021,1243.6747,0.0,0.0,False
AACCTTTGTAATGCGG-1-H0035_RA,2402,1204.4836,0.0,0.0,False
AACCTTTTCCGGCAGT-1-H0035_RA,926,919.0493,0.0,0.0,False
AACGAAATCTTCCTAA-1-H0035_RA,904,986.5302,0.0,0.0,False
AACGGGAAGAAATTCG-1-H0035_RA,3704,1153.2563,0.0,0.0,False
AACGGGAAGAAGCGCT-1-H0035_RA,2083,1109.6437,0.0,0.0,False
AACGTCAAGCGATGAC-1-H0035_RA,2874,1121.8848,0.0,0.0,False
AACGTCACAGATTTCG-1-H0035_RA,647,836.83026,0.0,0.0,False
AACGTCATCCACTAGA-1-H0035_RA,644,842.02295,0.0,0.0,False
AACTTCTAGCATTGTC-1-H0035_RA,2474,1273.0022,0.0,0.0,False
AACTTCTCACGGGTAA-1-H0035_RA,1780,1127.1318,0.0,0.0,False
AACTTCTCAGTCAGAG-1-H0035_RA,397,630.7387,0.0,0.0,False
AACTTCTGTAAGTTGA-1-H0035_RA,1165,1044.8699,0.0,0.0,False
AACTTCTGTAGGGAGG-1-H0035_RA,1771,1233.3245,0.0,0.0,False
AACTTCTGTCCGGACT-1-H0035_RA,957,950.076,0.0,0.0,False
AACTTCTTCGTGTGAT-1-H0035_RA,1165,1040.4556,0.0,0.0,False
AAGAACACAGCTGTCG-1-H0035_RA,1066,971.13464,0.0,0.0,False
AAGAACAGTCTGCAAT-1-H0035_RA,866,941.42334,0.0,0.0,False
AAGACAAAGGGCTGAT-1-H0035_RA,1762,1197.7546,0.0,0.0,False
AAGACAAAGGTGCAGT-1-H0035_RA,1768,1122.5343,0.0,0.0,False
AAGACTCAGCCGCTTG-1-H0035_RA,600,808.8264,0.0,0.0,False
AAGACTCCAGGGATAC-1-H0035_RA,2187,1260.7184,0.0,0.0,False
AAGACTCCAGTCGCAC-1-H0035_RA,1113,1049.2509,0.0,0.0,False
AAGACTCGTGTGGTCC-1-H0035_RA,1258,1073.5239,0.0,0.0,False
AAGACTCTCGCAATTG-1-H0035_RA,4800,1292.6653,0.0,0.0,False
AAGATAGTCCAACCAA-1-H0035_RA,518,758.64374,0.0,0.0,False
AAGCCATCAGCATGCC-1-H0035_RA,2222,1146.0083,0.0,0.0,False
AAGCCATTCTTGTGCC-1-H0035_RA,1045,1011.44366,0.0,0.0,False
AAGCGAGAGCCGTAAG-1-H0035_RA,1151,989.9918,0.0,0.0,False
AAGCGTTCATCGAGCC-1-H0035_RA,758,909.6028,0.0,0.0,False
AAGGAATAGAGAGCAA-1-H0035_RA,2900,1238.4913,0.0,0.0,False
AAGGAATAGCAGGTCA-1-H0035_RA,797,914.0234,0.0,0.0,False
AAGGAATCATTCCTAT-1-H0035_RA,3185,1246.028,0.0,0.0,False
AAGTACCAGCCACCGT-1-H0035_RA,2364,1216.9252,0.0,0.0,False
AAGTACCAGGGATCGT-1-H0035_RA,1627,1133.6573,0.0,0.0,False
AAGTACCGTGTAGGAC-1-H0035_RA,566,789.06067,0.0,0.0,False
AAGTACCGTGTCCGGT-1-H0035_RA,1973,1193.9426,0.0,0.0,False
AAGTCGTCACTGGATT-1-H0035_RA,1457,1089.5131,0.0,0.0,False
AAGTCGTTCCAACCGG-1-H0035_RA,2587,1107.15,0.0,0.0,False
AAGTTCGCATTGAGGG-1-H0035_RA,2194,1161.3265,0.0,0.0,False
AAGTTCGTCAGCTCTC-1-H0035_RA,791,828.78424,0.0,0.0,False
AAGTTCGTCCGATCTC-1-H0035_RA,784,908.4601,0.0,0.0,False
AATAGAGGTCGTCAGC-1-H0035_RA,848,925.2089,0.0,0.0,False
AATAGAGTCCTCACTG-1-H0035_RA,923,938.09534,0.0,0.0,False
AATCACGAGGCTCTAT-1-H0035_RA,1397,1011.40533,0.0,0.0,False
AATCACGCAAATCAAG-1-H0035_RA,783,925.4937,0.0,0.0,False
AATCACGCAATTCTCT-1-H0035_RA,1468,1135.1332,0.0,0.0,False
AATCACGTCTACCACC-1-H0035_RA,1727,1060.9095,0.0,0.0,False
AATCGTGGTAAGGAGA-1-H0035_RA,1414,1097.4507,0.0,0.0,False
AATGAAGGTCGATTTG-1-H0035_RA,2862,1079.6835,0.0,0.0,False
AATGAAGGTCGCACGT-1-H0035_RA,1382,1036.9534,0.0,0.0,False
AATGACCAGCTAATGA-1-H0035_RA,4867,1379.6307,0.0,0.0,False
AATGGAAGTCTCTCCA-1-H0035_RA,4118,1324.4515,0.0,0.0,False
AATGGAATCACATACG-1-H0035_RA,1095,987.45734,0.0,0.0,False
AATTCCTAGTTCAACC-1-H0035_RA,1942,1123.313,0.0,0.0,False
AATTTCCGTCTCCCTA-1-H0035_RA,2117,1191.9698,0.0,0.0,False
AATTTCCTCAGCACCG-1-H0035_RA,2526,1249.6543,0.0,0.0,False
ACAAAGAAGTCAATCC-1-H0035_RA,887,967.3997,0.0,0.0,False
ACAACCATCCGGACTG-1-H0035_RA,2518,1086.7153,0.0,0.0,False
ACAAGCTGTGATCATC-1-H0035_RA,1698,1195.3683,0.0,0.0,False
ACACAGTAGGCACAAC-1-H0035_RA,1222,1009.67065,0.0,0.0,False
ACACAGTCAGGCACAA-1-H0035_RA,1787,1199.3347,0.0,0.0,False
ACACCAAAGGGTGGGA-1-H0035_RA,1617,1046.9194,0.0,0.0,False
ACACCAAGTATCGCTA-1-H0035_RA,4899,1315.6406,0.0,0.0,False
ACACGCGAGCCGGAAT-1-H0035_RA,1300,1053.17,0.0,0.0,False
ACACGCGCATTACTCT-1-H0035_RA,4665,1332.9856,0.0,0.0,False
ACAGAAAAGTACCATC-1-H0035_RA,713,870.1243,0.0,0.0,False
ACAGAAACAACAGCTT-1-H0035_RA,1743,1131.429,0.0,0.0,False
ACAGAAATCACCATAG-1-H0035_RA,555,784.253,0.0,0.0,False
ACAGCCGAGGATGTTA-1-H0035_RA,3519,1301.5836,0.0,0.0,False
ACATCGAAGTCCTACA-1-H0035_RA,2113,1139.649,0.0,0.0,False
ACATGCAGTTCTGAGT-1-H0035_RA,1546,1135.5138,0.0,0.0,False
ACATTTCCAGTCGCTG-1-H0035_RA,3364,1269.4872,0.0,0.0,False
ACATTTCGTTGCATAC-1-H0035_RA,2158,1147.1575,0.0,0.0,False
ACCAACAGTTAAGAAC-1-H0035_RA,478,739.0985,0.0,0.0,False
ACCACAAAGCTCGACC-1-H0035_RA,1393,1017.98694,0.0,0.0,False
ACCACAAGTCTGCCTT-1-H0035_RA,572,797.2463,0.0,0.0,False
ACCACAATCTAGGCAT-1-H0035_RA,1018,999.6066,0.0,0.0,False
ACCATTTCAGTTCCAA-1-H0035_RA,1691,1079.528,0.0,0.0,False
ACCCAAAGTATGTCCA-1-H0035_RA,543,777.8906,0.0,0.0,False
ACCCAAAGTTCGGCGT-1-H0035_RA,1605,1169.4326,0.0,0.0,False
ACCCAAATCCGGTAGC-1-H0035_RA,1166,1031.0308,0.0,0.0,False
ACCCTTGAGCTCGCAC-1-H0035_RA,2341,1220.2017,0.0,0.0,False
ACCTACCAGTGGAAGA-1-H0035_RA,476,751.5107,0.0,0.0,False
ACCTGTCGTCACATTG-1-H0035_RA,907,961.1641,0.0,0.0,False
ACCTGTCGTCGCATCG-1-H0035_RA,1237,1041.7974,0.0,0.0,False
ACCTGTCGTTGGGACA-1-H0035_RA,668,846.9502,0.0,0.0,False
ACGATGTAGAGGGTAA-1-H0035_RA,1361,1085.0521,0.0,0.0,False
ACGATGTTCATTACCT-1-H0035_RA,745,888.26434,0.0,0.0,False
ACGCACGAGCTGACTT-1-H0035_RA,862,933.1035,0.0,0.0,False
ACGCACGAGGACTAAT-1-H0035_RA,1826,1209.5238,0.0,0.0,False
ACGCACGGTGATAGTA-1-H0035_RA,1574,1161.5957,0.0,0.0,False
ACGGAAGCACTGGCCA-1-H0035_RA,645,858.94586,0.0,0.0,False
ACGGAAGGTGGATTTC-1-H0035_RA,1438,1086.6135,0.0,0.0,False
ACGGGTCCAACCTATG-1-H0035_RA,1761,1128.6162,0.0,0.0,False
ACGGGTCCAACGTTAC-1-H0035_RA,5288,1394.8486,0.0,0.0,False
ACGGGTCTCCACGTGG-1-H0035_RA,830,937.8193,0.0,0.0,False
ACGGGTCTCCTGTTGC-1-H0035_RA,1171,1037.5195,0.0,0.0,False
ACGGTCGCAGTTAGGG-1-H0035_RA,3908,1171.1671,0.0,0.0,False
ACGGTTAGTCATATGC-1-H0035_RA,2188,1075.5422,0.0,0.0,False
ACGTAACAGTATAGGT-1-H0035_RA,1216,1074.9897,0.0,0.0,False
ACGTACAAGGAGAGGC-1-H0035_RA,2827,1207.1068,0.0,0.0,False
ACGTACACATCACGGC-1-H0035_RA,1833,1185.0597,0.0,0.0,False
ACGTCCTTCCGATCGG-1-H0035_RA,2404,1003.1911,0.0,0.0,False
ACGTTCCCAACGGCTC-1-H0035_RA,503,758.0065,0.0,0.0,False
ACGTTCCGTAGTTAGA-1-H0035_RA,725,856.69574,0.0,0.0,False
ACGTTCCGTTCAGCGC-1-H0035_RA,4014,1293.1571,0.0,0.0,False
ACTACGATCCACGTGG-1-H0035_RA,2723,1149.4258,0.0,0.0,False
ACTATGGCAATCAGCT-1-H0035_RA,795,910.79626,0.0,0.0,False
ACTATGGCACCCTATC-1-H0035_RA,3436,1100.8276,0.0,0.0,False
ACTATGGTCTACCCAC-1-H0035_RA,752,892.668,0.0,0.0,False
ACTATTCAGTGCACTT-1-H0035_RA,2002,1164.6326,0.0,0.0,False
ACTCTCGCACAAGTGG-1-H0035_RA,546,794.00037,0.0,0.0,False
ACTCTCGTCTTTCTAG-1-H0035_RA,626,823.37726,0.0,0.0,False
ACTGATGCACAGTATC-1-H0035_RA,3470,1313.7336,0.0,0.0,False
ACTGCAAAGAAGTGTT-1-H0035_RA,3291,1222.4663,0.0,0.0,False
ACTGTCCGTTTAGACC-1-H0035_RA,866,974.8774,0.0,0.0,False
ACTGTGACACATTCTT-1-H0035_RA,2718,1139.2974,0.0,0.0,False
ACTTAGGAGTGGCCTC-1-H0035_RA,583,752.1271,0.0,0.0,False
ACTTAGGGTTGCATAC-1-H0035_RA,1352,1075.754,0.0,0.0,False
ACTTATCAGAGGTTTA-1-H0035_RA,504,765.04565,0.0,0.0,False
ACTTATCAGCCGCTTG-1-H0035_RA,1976,1233.4178,0.0,0.0,False
ACTTATCCACATATGC-1-H0035_RA,2705,1243.1744,0.0,0.0,False
ACTTATCCATGAATAG-1-H0035_RA,857,948.32825,0.0,0.0,False
ACTTATCTCGAGTCTA-1-H0035_RA,2097,1247.3021,0.0,0.0,False
ACTTCCGCAGACCAGA-1-H0035_RA,765,893.723,0.0,0.0,False
ACTTCCGGTTGTGCAT-1-H0035_RA,3518,1073.8657,0.0,0.0,False
ACTTTCATCTCCGCAT-1-H0035_RA,2809,1238.3118,0.0,0.0,False
ACTTTGTAGAGTCTGG-1-H0035_RA,1434,1141.1809,0.0,0.0,False
ACTTTGTCACCTCTGT-1-H0035_RA,2141,1198.8379,0.0,0.0,False
ACTTTGTCAGCACAGA-1-H0035_RA,2648,1216.0835,0.0,0.0,False
ACTTTGTTCTCCGATC-1-H0035_RA,1068,1027.8193,0.0,0.0,False
AGAAATGCACGGTGAA-1-H0035_RA,3506,1310.5176,0.0,0.0,False
AGAACAACACATACGT-1-H0035_RA,674,871.8413,0.0,0.0,False
AGAACAACATTGTACG-1-H0035_RA,3768,1340.8445,0.0,0.0,False
AGAACCTGTCCACTTC-1-H0035_RA,1906,1209.6895,0.0,0.0,False
AGAACCTGTCGGCACT-1-H0035_RA,951,993.7696,0.0,0.0,False
AGAACCTTCTGCGAGC-1-H0035_RA,631,840.3975,0.0,0.0,False
AGAAGCGAGTTTCTTC-1-H0035_RA,940,905.32513,0.0,0.0,False
AGAAGTAAGATCGGTG-1-H0035_RA,3145,1260.6008,0.0,0.0,False
AGAAGTAAGGGACTGT-1-H0035_RA,2549,1200.2316,0.0,0.0,False
AGAAGTAGTAGTGTGG-1-H0035_RA,1087,1050.4916,0.0,0.0,False
AGACAAATCACGGAGA-1-H0035_RA,3823,1286.3287,0.0,0.0,False
AGACAGGAGCGATGAC-1-H0035_RA,1059,989.8438,0.0,0.0,False
AGACCATCAGAACGCA-1-H0035_RA,1660,1129.9778,0.0,0.0,False
AGACCATCAGACAAAT-1-H0035_RA,3971,1344.2864,0.0,0.0,False
AGACTCAAGTCATGGG-1-H0035_RA,5130,1367.6785,0.0,0.0,False
AGACTCATCCTGGTCT-1-H0035_RA,4327,1225.6116,0.0,0.0,False
AGACTCATCTGACCCT-1-H0035_RA,1047,976.7816,0.0,0.0,False
AGACTCATCTGTTGGA-1-H0035_RA,2969,1170.7286,0.0,0.0,False
AGAGCAGAGCTGTACT-1-H0035_RA,1901,1204.7302,0.0,0.0,False
AGAGCCCAGAGCTGAC-1-H0035_RA,1938,1150.1117,0.0,0.0,False
AGAGCCCAGCGTACAG-1-H0035_RA,734,898.2522,0.0,0.0,False
AGAGCCCCAGAGGTTG-1-H0035_RA,932,961.3574,0.0,0.0,False
AGAGCCCGTATACGGG-1-H0035_RA,1703,1202.0585,0.0,0.0,False
AGATCCAAGTCCTACA-1-H0035_RA,1252,1049.2075,0.0,0.0,False
AGATCGTAGGACGCTA-1-H0035_RA,1404,1099.4182,0.0,0.0,False
AGATGCTAGGCACTCC-1-H0035_RA,1371,1139.7053,0.0,0.0,False
AGATGCTCAGAGCGTA-1-H0035_RA,3358,1177.2672,0.0,0.0,False
AGCCAATAGCGCCCAT-1-H0035_RA,1583,1140.0634,0.0,0.0,False
AGCCAATAGCTTGTTG-1-H0035_RA,4378,1347.5718,0.0,0.0,False
AGCCAATAGGTCACTT-1-H0035_RA,906,964.0955,0.0,0.0,False
AGCCAATAGGTGGGTT-1-H0035_RA,1777,1214.3622,0.0,0.0,False
AGCCAATGTTCGTTCC-1-H0035_RA,1018,993.3949,0.0,0.0,False
AGCCACGAGCAACAAT-1-H0035_RA,1124,964.0196,0.0,0.0,False
AGCCACGGTACGTTCA-1-H0035_RA,4373,1316.5597,0.0,0.0,False
AGCCACGTCAAAGGAT-1-H0035_RA,2890,1129.2981,0.0,0.0,False
AGCCACGTCGAAGCAG-1-H0035_RA,2018,1222.2083,0.0,0.0,False
AGCCACGTCGGCTTGG-1-H0035_RA,597,812.7815,0.0,0.0,False
AGCCACGTCTGATTCT-1-H0035_RA,1494,1130.642,0.0,0.0,False
AGCCAGCAGATGATTG-1-H0035_RA,1418,1047.2743,0.0,0.0,False
AGCCAGCCATTCGGGC-1-H0035_RA,2242,1114.5691,0.0,0.0,False
AGCGATTAGGAAGTGA-1-H0035_RA,1339,995.16675,0.0,0.0,False
AGCGCCACAATACGAA-1-H0035_RA,1099,1051.8795,0.0,0.0,False
AGCGTATGTATCGCGC-1-H0035_RA,2869,1310.5149,0.0,0.0,False
AGCGTATGTCGTCAGC-1-H0035_RA,812,934.57086,0.0,0.0,False
AGCGTATGTGTTCATG-1-H0035_RA,1792,1127.5347,0.0,0.0,False
AGCTACACATCGGCCA-1-H0035_RA,1864,1243.906,0.0,0.0,False
AGCTACAGTCCCTAAA-1-H0035_RA,885,966.68225,0.0,0.0,False
AGCTACAGTCGTACTA-1-H0035_RA,1059,946.41364,0.0,0.0,False
AGCTACAGTGACTAAA-1-H0035_RA,600,827.9714,0.0,0.0,False
AGCTACATCATCTATC-1-H0035_RA,1576,1169.2908,0.0,0.0,False
AGCTACATCTGCGGCA-1-H0035_RA,1184,1001.0561,0.0,0.0,False
AGCTCAACATGGGATG-1-H0035_RA,680,876.7809,0.0,0.0,False
AGCTCAAGTTCTGACA-1-H0035_RA,766,887.0442,0.0,0.0,False
AGCTCAATCAGGCGAA-1-H0035_RA,2553,1083.7311,0.0,0.0,False
AGCTCAATCTCATAGG-1-H0035_RA,711,880.26434,0.0,0.0,False
AGCTTCCAGAGGACTC-1-H0035_RA,1789,1103.0673,0.0,0.0,False
AGCTTCCAGTCGCCCA-1-H0035_RA,3717,1343.4703,0.0,0.0,False
AGGAATATCAAGGAGC-1-H0035_RA,1852,1166.1642,0.0,0.0,False
AGGACTTAGATAACGT-1-H0035_RA,1341,1028.1227,0.0,0.0,False
AGGACTTTCCCGTAAA-1-H0035_RA,2318,1217.8453,0.0,0.0,False
AGGATAACAAGGACAC-1-H0035_RA,2332,1029.726,0.0,0.0,False
AGGATAAGTTTCACAG-1-H0035_RA,555,805.1598,0.0,0.0,False
AGGATAATCCGTGTAA-1-H0035_RA,1314,942.5985,0.0,0.0,False
AGGATCTAGTAAGAGG-1-H0035_RA,741,901.938,0.0,0.0,False
AGGATCTCAAGTGACG-1-H0035_RA,852,955.1368,0.0,0.0,False
AGGCATTGTAATGCGG-1-H0035_RA,650,860.8661,0.0,0.0,False
AGGCTGCCAGCGGTTC-1-H0035_RA,1468,1143.7252,0.0,0.0,False
AGGCTGCGTCTCGACG-1-H0035_RA,1227,1088.0497,0.0,0.0,False
AGGCTGCGTGTCCAAT-1-H0035_RA,843,948.818,0.0,0.0,False
AGGGAGTAGGGATCGT-1-H0035_RA,3995,1323.456,0.0,0.0,False
AGGGCCTGTGATTGGG-1-H0035_RA,2361,1249.1119,0.0,0.0,False
AGGGCTCAGCGTCTCG-1-H0035_RA,928,905.856,0.0,0.0,False
AGGGTCCAGCGCCTTG-1-H0035_RA,1266,981.4549,0.0,0.0,False
AGGGTCCTCGACGCTG-1-H0035_RA,2108,1174.549,0.0,0.0,False
AGGGTGAAGCGACCCT-1-H0035_RA,1923,1159.0569,0.0,0.0,False
AGGGTGACAGGCCCTA-1-H0035_RA,1131,992.834,0.0,0.0,False
AGGGTGAGTGCAATGG-1-H0035_RA,1531,1139.5994,0.0,0.0,False
AGGGTTTTCATTGTGG-1-H0035_RA,1299,1058.1276,0.0,0.0,False
AGGTCATAGTGCCGAA-1-H0035_RA,2147,1218.711,0.0,0.0,False
AGGTCTATCTCCACTG-1-H0035_RA,1683,1139.907,0.0,0.0,False
AGGTGTTAGCATGCGA-1-H0035_RA,1436,1132.5388,0.0,0.0,False
AGGTGTTCAGTAGTGG-1-H0035_RA,644,769.82526,0.0,0.0,False
AGGTTACCATTCATCT-1-H0035_RA,1267,974.60986,0.0,0.0,False
AGGTTACGTCTCTCTG-1-H0035_RA,1211,1016.13275,0.0,0.0,False
AGGTTACTCTGTCCGT-1-H0035_RA,2408,1259.991,0.0,0.0,False
AGGTTGTTCTGGGCAC-1-H0035_RA,642,844.5328,0.0,0.0,False
AGTAACCGTAGACAGC-1-H0035_RA,814,911.342,0.0,0.0,False
AGTAACCGTGAACCGA-1-H0035_RA,1914,1076.0266,0.0,0.0,False
AGTACTGGTACACTCA-1-H0035_RA,4102,1196.0765,0.0,0.0,False
AGTACTGTCGCCGATG-1-H0035_RA,763,884.0789,0.0,0.0,False
AGTACTGTCGTTCATT-1-H0035_RA,963,974.9284,0.0,0.0,False
AGTAGCTGTGGAACAC-1-H0035_RA,2171,1219.4073,0.0,0.0,False
AGTAGTCTCCAGCTCT-1-H0035_RA,681,844.5767,0.0,0.0,False
AGTCAACCAGACGATG-1-H0035_RA,1030,1007.7157,0.0,0.0,False
AGTCAACGTCCCGTGA-1-H0035_RA,971,1001.1266,0.0,0.0,False
AGTCACACAAGCTCTA-1-H0035_RA,1112,1048.4338,0.0,0.0,False
AGTCATGCAGCTACTA-1-H0035_RA,428,672.12885,0.0,0.0,False
AGTCATGTCAGGAAGC-1-H0035_RA,1026,1001.5838,0.0,0.0,False
AGTGCCGCACTCGATA-1-H0035_RA,822,943.96497,0.0,0.0,False
AGTGTTGAGGTGCCAA-1-H0035_RA,918,942.93695,0.0,0.0,False
AGTTAGCGTAGAGATT-1-H0035_RA,3652,1362.0502,0.0,0.0,False
AGTTAGCTCCCTTGTG-1-H0035_RA,1091,965.7936,0.0,0.0,False
AGTTAGCTCTACAGGT-1-H0035_RA,2700,1136.0809,0.0,0.0,False
AGTTCCCAGTGCACAG-1-H0035_RA,2179,1219.2662,0.0,0.0,False
AGTTCCCTCAAGCCAT-1-H0035_RA,1492,1054.8661,0.0,0.0,False
AGTTCGACAGGGTTGA-1-H0035_RA,721,874.0037,0.0,0.0,False
AGTTCGAGTTGCTTGA-1-H0035_RA,2063,1046.2831,0.0,0.0,False
ATACTTCAGAAATCCA-1-H0035_RA,1021,985.68274,0.0,0.0,False
ATACTTCAGATACAGT-1-H0035_RA,4271,1272.9999,0.0,0.0,False
ATACTTCCAAATCGGG-1-H0035_RA,1761,1122.6285,0.0,0.0,False
ATACTTCCATTCTCCG-1-H0035_RA,728,899.57825,0.0,0.0,False
ATACTTCGTGACGCCT-1-H0035_RA,1667,1132.7257,0.0,0.0,False
ATACTTCGTTAGGACG-1-H0035_RA,447,711.8643,0.0,0.0,False
ATAGAGACAACTCGAT-1-H0035_RA,4845,1316.5769,0.0,0.0,False
ATAGGCTCAAATAAGC-1-H0035_RA,563,806.1996,0.0,0.0,False
ATAGGCTGTTAATCGC-1-H0035_RA,5395,1345.368,0.0,0.0,False
ATATCCTGTATCGTTG-1-H0035_RA,4472,1316.256,0.0,0.0,False
ATCACGAAGTCCGCCA-1-H0035_RA,764,900.14136,0.0,0.0,False
ATCACGACATGGAAGC-1-H0035_RA,1434,983.52386,0.0,0.0,False
ATCACGATCAGAGCGA-1-H0035_RA,1554,1144.2551,0.0,0.0,False
ATCACTTAGGAGAGGC-1-H0035_RA,3462,1302.9954,0.0,0.0,False
ATCACTTCAAACTAAG-1-H0035_RA,4052,1303.9128,0.0,0.0,False
ATCAGGTAGAGTGACC-1-H0035_RA,1013,1010.96643,0.0,0.0,False
ATCAGGTCATGGTACT-1-H0035_RA,1388,1047.871,0.0,0.0,False
ATCAGGTGTCTACACA-1-H0035_RA,2792,1257.2273,0.0,0.0,False
ATCAGGTTCTGTCCCA-1-H0035_RA,2762,1324.3076,0.0,0.0,False
ATCATTCAGTGCACTT-1-H0035_RA,1838,1122.887,0.0,0.0,False
ATCATTCGTTCAACGT-1-H0035_RA,1822,1185.0688,0.0,0.0,False
ATCCACCCAGGCGAAT-1-H0035_RA,1519,1098.6771,0.0,0.0,False
ATCCCTGAGTGGATAT-1-H0035_RA,461,738.01105,0.0,0.0,False
ATCCGTCCAGACAAGC-1-H0035_RA,1723,1013.6988,0.0,0.0,False
ATCGCCTAGCCTCTCT-1-H0035_RA,1082,872.0991,0.0,0.0,False
ATCGCCTCACTTACAG-1-H0035_RA,2144,1242.932,0.0,0.0,False
ATCGCCTTCTCCGAGG-1-H0035_RA,777,919.50323,0.0,0.0,False
ATCGCCTTCTTACGGA-1-H0035_RA,764,896.4547,0.0,0.0,False
ATCGGATAGCATTTCG-1-H0035_RA,776,913.4199,0.0,0.0,False
ATCGGATCAGCTCATA-1-H0035_RA,1431,1057.9573,0.0,0.0,False
ATCGGATCATCAGCAT-1-H0035_RA,3124,1156.7627,0.0,0.0,False
ATCGGATGTTAGTCGT-1-H0035_RA,1339,1094.998,0.0,0.0,False
ATCGGATTCTGGCCGA-1-H0035_RA,1963,1160.3501,0.0,0.0,False
ATCGGCGGTTGTGCAT-1-H0035_RA,1221,1040.9725,0.0,0.0,False
ATCGTAGAGCATCCCG-1-H0035_RA,490,756.4536,0.0,0.0,False
ATCGTAGAGGAAAGGT-1-H0035_RA,467,742.17926,0.0,0.0,False
ATCGTAGCAGAGGCTA-1-H0035_RA,498,737.9086,0.0,0.0,False
ATCGTGAAGTTACGTC-1-H0035_RA,1036,996.3754,0.0,0.0,False
ATCGTGACACGCCAGT-1-H0035_RA,1552,1091.932,0.0,0.0,False
ATCTTCAAGCGATGGT-1-H0035_RA,4270,1242.9695,0.0,0.0,False
ATCTTCAAGTAGTCTC-1-H0035_RA,431,713.3738,0.0,0.0,False
ATCTTCAGTCCCTCAT-1-H0035_RA,1054,995.85754,0.0,0.0,False
ATCTTCATCAAGGACG-1-H0035_RA,886,960.4882,0.0,0.0,False
ATCTTCATCGTAGCCG-1-H0035_RA,735,902.92535,0.0,0.0,False
ATCTTCATCTGACCCT-1-H0035_RA,1830,1129.4913,0.0,0.0,False
ATGAAAGAGTGTAGTA-1-H0035_RA,1355,1043.7032,0.0,0.0,False
ATGAAAGCAACACAGG-1-H0035_RA,1400,1129.582,0.0,0.0,False
ATGAAAGCATTCGGGC-1-H0035_RA,1907,1186.4636,0.0,0.0,False
ATGAAAGTCGCCTAGG-1-H0035_RA,2478,1265.801,0.0,0.0,False
ATGACCAGTTTGTTGG-1-H0035_RA,1057,955.7273,0.0,0.0,False
ATGACCATCCGAGTGC-1-H0035_RA,838,897.3318,0.0,0.0,False
ATGAGGGAGCTCACTA-1-H0035_RA,2248,1194.9508,0.0,0.0,False
ATGAGGGGTGATGGCA-1-H0035_RA,2556,1094.8202,0.0,0.0,False
ATGATCGAGTAGTCAA-1-H0035_RA,609,841.6658,0.0,0.0,False
ATGCATGCAGAGTCAG-1-H0035_RA,1200,1054.8843,0.0,0.0,False
ATGCCTCAGTTATGGA-1-H0035_RA,599,767.3155,0.0,0.0,False
ATGCCTCGTATCGATC-1-H0035_RA,3712,1233.9961,0.0,0.0,False
ATGCGATCACTCATAG-1-H0035_RA,1011,911.3603,0.0,0.0,False
ATGCGATGTTCTCCCA-1-H0035_RA,1540,1165.6698,0.0,0.0,False
ATGCGATTCTTCACGC-1-H0035_RA,777,910.1945,0.0,0.0,False
ATGGAGGAGTATGCAA-1-H0035_RA,1366,1143.3967,0.0,0.0,False
ATGGAGGCAAATCGTC-1-H0035_RA,1792,1149.3196,0.0,0.0,False
ATGGATCTCCTCACCA-1-H0035_RA,427,653.12317,0.0,0.0,False
ATGGATCTCGAGTGGA-1-H0035_RA,1035,960.8081,0.0,0.0,False
ATGGGAGAGGACAAGA-1-H0035_RA,1429,1079.8337,0.0,0.0,False
ATGGGAGCAATCGCGC-1-H0035_RA,5509,1378.6425,0.0,0.0,False
ATGGGAGTCATCCTGC-1-H0035_RA,1121,1044.9988,0.0,0.0,False
ATGGGTTAGACCATAA-1-H0035_RA,1565,1152.2118,0.0,0.0,False
ATGGGTTAGTGTGTTC-1-H0035_RA,958,1019.59937,0.0,0.0,False
ATGGGTTCACCTTCCA-1-H0035_RA,2147,1104.8767,0.0,0.0,False
ATGGGTTCATAGATGA-1-H0035_RA,1603,1046.0347,0.0,0.0,False
ATGGGTTCATGACTTG-1-H0035_RA,3575,1221.8765,0.0,0.0,False
ATGGGTTGTTATCCAG-1-H0035_RA,2093,1220.1061,0.0,0.0,False
ATGGTTGTCGAGCACC-1-H0035_RA,721,840.4318,0.0,0.0,False
ATGTCCCAGGACACTG-1-H0035_RA,3505,1337.5105,0.0,0.0,False
ATGTCCCTCCTCTGCA-1-H0035_RA,1005,890.44434,0.0,0.0,False
ATGTCCCTCTTGGGCG-1-H0035_RA,1783,1075.3999,0.0,0.0,False
ATTACCTGTTAACCTG-1-H0035_RA,3144,1221.121,0.0,0.0,False
ATTACCTTCTCTGGTC-1-H0035_RA,806,897.8727,0.0,0.0,False
ATTACTCAGCTAAGTA-1-H0035_RA,892,976.3091,0.0,0.0,False
ATTACTCCACGAGGTA-1-H0035_RA,1521,1129.2732,0.0,0.0,False
ATTACTCCACTGAGTT-1-H0035_RA,945,957.98065,0.0,0.0,False
ATTACTCCATTGTCGA-1-H0035_RA,1731,1107.6241,0.0,0.0,False
ATTACTCTCCCAAGCG-1-H0035_RA,1008,1019.16956,0.0,0.0,False
ATTATCCTCGCCGATG-1-H0035_RA,958,832.49817,0.0,0.0,False
ATTCACTTCATAAGGA-1-H0035_RA,777,864.1489,0.0,0.0,False
ATTCAGGAGTTAGAAC-1-H0035_RA,870,884.2655,0.0,0.0,False
ATTCAGGGTCGAATTC-1-H0035_RA,973,947.2461,0.0,0.0,False
ATTCATCCAGGCTTGC-1-H0035_RA,759,883.9039,0.0,0.0,False
ATTCATCTCCCATAGA-1-H0035_RA,3618,1331.3041,0.0,0.0,False
ATTCCCGCAGCTACTA-1-H0035_RA,965,1001.08,0.0,0.0,False
ATTCCCGGTTCGATTG-1-H0035_RA,4776,1333.2756,0.0,0.0,False
ATTCCTAAGAGCAGCT-1-H0035_RA,973,965.1592,0.0,0.0,False
ATTCCTATCAACTACG-1-H0035_RA,973,972.96655,0.0,0.0,False
ATTCGTTTCGAGCACC-1-H0035_RA,3793,1348.2295,0.0,0.0,False
ATTCTACAGGTGCTTT-1-H0035_RA,1825,1205.5459,0.0,0.0,False
ATTCTACCATCGCTGG-1-H0035_RA,5483,1415.2417,0.0,0.0,False
ATTCTACGTCACTCGG-1-H0035_RA,4370,1283.2399,0.0,0.0,False
ATTCTACGTGCTCGTG-1-H0035_RA,5142,1351.7661,0.0,0.0,False
ATTCTTGTCCGTCACT-1-H0035_RA,1943,1176.611,0.0,0.0,False
ATTGGGTTCAAAGAAC-1-H0035_RA,1078,995.7026,0.0,0.0,False
ATTGGGTTCACAAGAA-1-H0035_RA,2556,1184.2272,0.0,0.0,False
ATTGTTCTCATTGAGC-1-H0035_RA,2451,1265.555,0.0,0.0,False
ATTTCACTCAGTAGGG-1-H0035_RA,1920,1122.4291,0.0,0.0,False
ATTTCTGGTCTTTCAT-1-H0035_RA,1496,1117.1722,0.0,0.0,False
ATTTCTGTCAACCGAT-1-H0035_RA,3302,1294.2764,0.0,0.0,False
ATTTCTGTCAACTTTC-1-H0035_RA,1598,1188.1409,0.0,0.0,False
CAACAACCAACTGATC-1-H0035_RA,1119,907.4721,0.0,0.0,False
CAACAGTGTCCTACGG-1-H0035_RA,2371,1185.8474,0.0,0.0,False
CAACCAACAACTTGCA-1-H0035_RA,1219,1063.8212,0.0,0.0,False
CAACCAAGTCCAAGAG-1-H0035_RA,882,941.08844,0.0,0.0,False
CAACCAAGTGAGCGAT-1-H0035_RA,1656,1102.1942,0.0,0.0,False
CAACGATAGGCCCACT-1-H0035_RA,3264,1360.6737,0.0,0.0,False
CAAGACTAGATTGATG-1-H0035_RA,1960,1105.1628,0.0,0.0,False
CAAGACTAGGATTCAA-1-H0035_RA,2260,1282.3016,0.0,0.0,False
CAAGACTGTCGTATGT-1-H0035_RA,3497,1142.3022,0.0,0.0,False
CAAGACTTCGTGTCAA-1-H0035_RA,1572,1095.2124,0.0,0.0,False
CAAGCTATCCTAGCCT-1-H0035_RA,1161,1043.776,0.0,0.0,False
CAAGGGACAAGACGGT-1-H0035_RA,1351,1099.5187,0.0,0.0,False
CAAGGGATCGAACACT-1-H0035_RA,732,871.3168,0.0,0.0,False
CAATACGTCCCTATTA-1-H0035_RA,986,989.6445,0.0,0.0,False
CAATCGAAGGCTCCCA-1-H0035_RA,1716,1152.834,0.0,0.0,False
CAATGACAGAGAGCAA-1-H0035_RA,1302,1062.3091,0.0,0.0,False
CAATGACGTCATTGCA-1-H0035_RA,758,908.96265,0.0,0.0,False
CAATGACTCCGAGCTG-1-H0035_RA,1120,1032.0488,0.0,0.0,False
CAATTTCTCACTACTT-1-H0035_RA,4589,1233.6627,0.0,0.0,False
CACAACATCATTTGGG-1-H0035_RA,1212,1010.44073,0.0,0.0,False
CACAACATCGCGTGCA-1-H0035_RA,815,936.3775,0.0,0.0,False
CACAGGCGTTCTAAGC-1-H0035_RA,2287,1221.9993,0.0,0.0,False
CACCAAAAGACATAGT-1-H0035_RA,1966,1195.2391,0.0,0.0,False
CACCAAAAGGTCGTCC-1-H0035_RA,687,874.3773,0.0,0.0,False
CACCAAAGTTACGTAC-1-H0035_RA,621,826.3094,0.0,0.0,False
CACCGTTCATCATTGG-1-H0035_RA,949,955.9703,0.0,0.0,False
CACCGTTGTTACCCAA-1-H0035_RA,391,646.5602,0.0,0.0,False
CACGAATAGAGCAGAA-1-H0035_RA,1024,985.2981,0.0,0.0,False
CACGGGTAGGTAAGTT-1-H0035_RA,1365,965.92365,0.0,0.0,False
CACGGGTCATACAGGG-1-H0035_RA,874,942.9989,0.0,0.0,False
CACGGGTTCGGCCCAA-1-H0035_RA,1309,1085.6426,0.0,0.0,False
CACGTGGTCAAGCTGT-1-H0035_RA,2558,1247.59,0.0,0.0,False
CACGTTCGTGGCTCTG-1-H0035_RA,1372,1089.5067,0.0,0.0,False
CACTAAGTCTCTCTTC-1-H0035_RA,1248,974.4072,0.0,0.0,False
CACTGAACACCAAATC-1-H0035_RA,3047,1085.9978,0.0,0.0,False
CACTTCGCACTCTCGT-1-H0035_RA,2581,1188.4044,0.0,0.0,False
CACTTCGGTATCTTCT-1-H0035_RA,4475,1306.158,0.0,0.0,False
CACTTCGGTGTCTTAG-1-H0035_RA,1538,1124.6915,0.0,0.0,False
CAGAGCCAGCTACTGT-1-H0035_RA,2899,1236.6216,0.0,0.0,False
CAGAGCCAGCTAGCCC-1-H0035_RA,4383,1335.6519,0.0,0.0,False
CAGAGCCAGGAGTACC-1-H0035_RA,1730,1090.0544,0.0,0.0,False
CAGATACGTAACATCC-1-H0035_RA,886,953.11816,0.0,0.0,False
CAGATCAAGAATAGTC-1-H0035_RA,653,860.3651,0.0,0.0,False
CAGATCACACAAGCAG-1-H0035_RA,707,875.92676,0.0,0.0,False
CAGATCACACTTGTCC-1-H0035_RA,3363,1142.0093,0.0,0.0,False
CAGCAATAGACCTCCG-1-H0035_RA,1860,1168.3163,0.0,0.0,False
CAGCAATGTAAGTTAG-1-H0035_RA,946,982.4531,0.0,0.0,False
CAGCAATGTGCGGTAA-1-H0035_RA,1249,1009.97577,0.0,0.0,False
CAGCACGAGCATTGTC-1-H0035_RA,1180,1066.7683,0.0,0.0,False
CAGCACGAGGACTTCT-1-H0035_RA,670,824.36884,0.0,0.0,False
CAGCACGTCGGAATGG-1-H0035_RA,876,954.8531,0.0,0.0,False
CAGCCAGAGCTATCCA-1-H0035_RA,641,749.43536,0.0,0.0,False
CAGCCAGGTGCAGATG-1-H0035_RA,2232,1133.1149,0.0,0.0,False
CAGCCAGTCGAGATGG-1-H0035_RA,1292,1026.9146,0.0,0.0,False
CAGGGCTAGGGCCCTT-1-H0035_RA,1746,1142.8838,0.0,0.0,False
CAGGGCTCAAGGCTTT-1-H0035_RA,1007,1010.2095,0.0,0.0,False
CAGGGCTGTACCTTCC-1-H0035_RA,1106,1030.8308,0.0,0.0,False
CAGGGCTTCCAATCTT-1-H0035_RA,1982,1099.094,0.0,0.0,False
CAGGTATCAGAAACCG-1-H0035_RA,789,904.4528,0.0,0.0,False
CAGTGCGCAACTCCAA-1-H0035_RA,2071,1064.2526,0.0,0.0,False
CAGTTCCTCAAGGTGG-1-H0035_RA,1807,1156.6255,0.0,0.0,False
CATAAGCAGTGCTAGG-1-H0035_RA,756,918.7126,0.0,0.0,False
CATACAGAGAGCTGCA-1-H0035_RA,1802,1043.2777,0.0,0.0,False
CATACAGTCCATCGTC-1-H0035_RA,1036,987.5761,0.0,0.0,False
CATACTTCAAGTGGAC-1-H0035_RA,497,739.0116,0.0,0.0,False
CATAGACAGAATACAC-1-H0035_RA,4334,1126.1095,0.0,0.0,False
CATAGACGTCTACAGT-1-H0035_RA,2519,1179.9146,0.0,0.0,False
CATCCACCAACGCATT-1-H0035_RA,1088,1012.7155,0.0,0.0,False
CATCCACGTCGAAGCA-1-H0035_RA,1127,974.85065,0.0,0.0,False
CATCCCAGTTCGAGCC-1-H0035_RA,1503,1051.5449,0.0,0.0,False
CATCCGTAGGCATCTT-1-H0035_RA,1395,1086.6542,0.0,0.0,False
CATCGCTAGTTGTACC-1-H0035_RA,2246,1198.352,0.0,0.0,False
CATCGCTCAATACGAA-1-H0035_RA,3897,1294.7981,0.0,0.0,False
CATCGCTTCATGGCCG-1-H0035_RA,1014,984.69305,0.0,0.0,False
CATCGCTTCTGCGGGT-1-H0035_RA,1460,1028.1998,0.0,0.0,False
CATCGGGCATAGAGGC-1-H0035_RA,547,778.82434,0.0,0.0,False
CATCGGGTCCGAGCTG-1-H0035_RA,914,966.1557,0.0,0.0,False
CATCGTCCATGGACAG-1-H0035_RA,715,864.2133,0.0,0.0,False
CATGCAACAGCATGCC-1-H0035_RA,4330,1245.4722,0.0,0.0,False
CATGCAATCCCTATTA-1-H0035_RA,4888,1321.8588,0.0,0.0,False
CATGCCTTCACTACTT-1-H0035_RA,2111,1156.5737,0.0,0.0,False
CATGCCTTCTCAACCC-1-H0035_RA,409,675.61224,0.0,0.0,False
CATGCGGAGCATGAAT-1-H0035_RA,687,852.04443,0.0,0.0,False
CATGCGGTCAAAGAAC-1-H0035_RA,2278,1176.7833,0.0,0.0,False
CATGGATGTAGGAGGG-1-H0035_RA,1478,957.8779,0.0,0.0,False
CATTCATAGTCTGTAC-1-H0035_RA,1159,1043.1698,0.0,0.0,False
CATTCATTCTGCATAG-1-H0035_RA,1427,1122.0016,0.0,0.0,False
CATTCATTCTGTCAGA-1-H0035_RA,861,944.4839,0.0,0.0,False
CATTGAGGTGAGACGT-1-H0035_RA,669,858.34576,0.0,0.0,False
CATTGAGGTTATCTTC-1-H0035_RA,2267,1186.2521,0.0,0.0,False
CATTGCCCATTGCAAC-1-H0035_RA,2476,1119.9543,0.0,0.0,False
CATTGCCTCTGGACTA-1-H0035_RA,1298,1027.3298,0.0,0.0,False
CATTGTTCAAAGGCGT-1-H0035_RA,2007,1215.0636,0.0,0.0,False
CATTGTTCAAGGTTGG-1-H0035_RA,587,818.71924,0.0,0.0,False
CATTGTTCAAGTATCC-1-H0035_RA,4038,1185.0458,0.0,0.0,False
CATTTCACATCATCCC-1-H0035_RA,900,938.7012,0.0,0.0,False
CCAAGCGGTGTACGCC-1-H0035_RA,770,926.8167,0.0,0.0,False
CCAAGCGTCAAGCCCG-1-H0035_RA,1453,1018.77606,0.0,0.0,False
CCAATGACAAGTAGTA-1-H0035_RA,1114,1012.95764,0.0,0.0,False
CCACAAAAGTCAGAGC-1-H0035_RA,1539,1111.7568,0.0,0.0,False
CCACAAAAGTTCCGGC-1-H0035_RA,889,904.6494,0.0,0.0,False
CCACAAAGTGCGAACA-1-H0035_RA,1209,1053.7217,0.0,0.0,False
CCACACTAGAAACACT-1-H0035_RA,719,902.73505,0.0,0.0,False
CCACACTCAAGTACCT-1-H0035_RA,585,799.3603,0.0,0.0,False
CCACACTGTACATACC-1-H0035_RA,817,907.0086,0.0,0.0,False
CCACACTGTAGAATGT-1-H0035_RA,2946,1340.5076,0.0,0.0,False
CCACACTGTTGTCAGT-1-H0035_RA,5134,1373.5531,0.0,0.0,False
CCACACTTCGGCCCAA-1-H0035_RA,2047,1015.32074,0.0,0.0,False
CCACCATAGCCGCTTG-1-H0035_RA,715,841.5306,0.0,0.0,False
CCACCATCATAATCGC-1-H0035_RA,1874,1171.3662,0.0,0.0,False
CCACGAGTCAAACCCA-1-H0035_RA,1652,1061.283,0.0,0.0,False
CCACGAGTCTCCTGTG-1-H0035_RA,1436,1000.0651,0.0,0.0,False
CCACGTTAGCACTCCG-1-H0035_RA,862,807.74603,0.0,0.0,False
CCACGTTGTGTCATTG-1-H0035_RA,951,1003.4835,0.0,0.0,False
CCATAAGCAAGCTGCC-1-H0035_RA,942,964.5047,0.0,0.0,False
CCATCACAGGGAGGGT-1-H0035_RA,858,973.96277,0.0,0.0,False
CCCAACTTCTTCTGTA-1-H0035_RA,895,964.1828,0.0,0.0,False
CCCATTGAGAACAAGG-1-H0035_RA,1075,1023.5175,0.0,0.0,False
CCCATTGGTATGGAGC-1-H0035_RA,641,794.10223,0.0,0.0,False
CCCATTGTCCGATGCG-1-H0035_RA,4385,1354.6135,0.0,0.0,False
CCCGAAGTCACAAGGG-1-H0035_RA,1735,1135.9691,0.0,0.0,False
CCCGGAATCAATGTCG-1-H0035_RA,2751,980.3034,0.0,0.0,False
CCCTCAAGTCTCTCAC-1-H0035_RA,2171,1116.8224,0.0,0.0,False
CCCTCAAGTGAGACCA-1-H0035_RA,1249,1082.6891,0.0,0.0,False
CCCTCTCGTTGCAACT-1-H0035_RA,2489,1181.067,0.0,0.0,False
CCCTCTCGTTGCCAAT-1-H0035_RA,3402,1221.5172,0.0,0.0,False
CCCTCTCTCGCTAGCG-1-H0035_RA,1037,1004.16125,0.0,0.0,False
CCCTTAGAGAACCCGA-1-H0035_RA,1537,1082.9854,0.0,0.0,False
CCCTTAGCACTAACGT-1-H0035_RA,3324,1213.2167,0.0,0.0,False
CCCTTAGCATGTGGCC-1-H0035_RA,976,961.8776,0.0,0.0,False
CCGAACGGTACACGTT-1-H0035_RA,680,851.6416,0.0,0.0,False
CCGATCTAGAAGTCTA-1-H0035_RA,1230,989.0177,0.0,0.0,False
CCGATCTAGCGTCTCG-1-H0035_RA,658,848.9442,0.0,0.0,False
CCGATGGGTGGACCAA-1-H0035_RA,2503,1272.4858,0.0,0.0,False
CCGATGGTCCTCACTG-1-H0035_RA,1374,1107.0767,0.0,0.0,False
CCGCAAGAGGAGAATG-1-H0035_RA,4133,1183.4113,0.0,0.0,False
CCGGACAGTCTCTCCA-1-H0035_RA,1169,954.36914,0.0,0.0,False
CCGGACATCTCACTCG-1-H0035_RA,1356,1023.0207,0.0,0.0,False
CCGGGTACATCGATGT-1-H0035_RA,402,674.81006,0.0,0.0,False
CCGGGTAGTGCAACGA-1-H0035_RA,945,973.56055,0.0,0.0,False
CCGGTAGAGGCTTCCG-1-H0035_RA,1053,949.16284,0.0,0.0,False
CCGGTAGTCAGCTCTC-1-H0035_RA,2932,1332.2072,0.0,0.0,False
CCGGTAGTCCTCAGGG-1-H0035_RA,997,906.239,0.0,0.0,False
CCGGTGACACCTCTAC-1-H0035_RA,3364,1228.499,0.0,0.0,False
CCGGTGATCGATCCCT-1-H0035_RA,1738,909.0076,0.0,0.0,False
CCGTAGGAGACTTAAG-1-H0035_RA,974,979.9287,0.0,0.0,False
CCGTAGGGTACGCGTC-1-H0035_RA,2755,1126.083,0.0,0.0,False
CCGTAGGGTCGTCTCT-1-H0035_RA,801,916.93256,0.0,0.0,False
CCGTTCACAACAGATA-1-H0035_RA,1526,1114.848,0.0,0.0,False
CCTAAGAGTCGAGTGA-1-H0035_RA,1150,1059.4744,0.0,0.0,False
CCTACGTAGTCTGTAC-1-H0035_RA,926,953.2359,0.0,0.0,False
CCTACGTCATGTAACC-1-H0035_RA,634,793.2362,0.0,0.0,False
CCTATCGGTTCCCAAA-1-H0035_RA,964,967.9336,0.0,0.0,False
CCTCAACCAGAGGTAC-1-H0035_RA,1930,1142.2089,0.0,0.0,False
CCTCAACGTTACCGTA-1-H0035_RA,625,839.0642,0.0,0.0,False
CCTCAACTCCGAGCTG-1-H0035_RA,792,921.3122,0.0,0.0,False
CCTCACAAGCAACCAG-1-H0035_RA,805,936.82794,0.0,0.0,False
CCTCACACAGAGAAAG-1-H0035_RA,1115,1074.691,0.0,0.0,False
CCTCACATCAAGTCTG-1-H0035_RA,1029,1017.7843,0.0,0.0,False
CCTCAGTAGTCACGAG-1-H0035_RA,1746,1072.408,0.0,0.0,False
CCTCAGTTCTCTGACC-1-H0035_RA,4222,1094.6748,0.0,0.0,False
CCTCATGAGACTGTTC-1-H0035_RA,423,666.38696,0.0,0.0,False
CCTCATGCACGCTGAC-1-H0035_RA,3394,1197.5737,0.0,0.0,False
CCTCATGGTACTTCCC-1-H0035_RA,2276,1176.8109,0.0,0.0,False
CCTCATGTCGAGCACC-1-H0035_RA,670,869.8961,0.0,0.0,False
CCTCCAACATTATGCG-1-H0035_RA,2508,1211.5667,0.0,0.0,False
CCTCTAGGTGAGTAAT-1-H0035_RA,1148,966.7066,0.0,0.0,False
CCTCTCCGTGTTAGCT-1-H0035_RA,2711,1230.4172,0.0,0.0,False
CCTGCATAGAGTTGAT-1-H0035_RA,1199,1073.2445,0.0,0.0,False
CCTGTTGAGCGAGTAC-1-H0035_RA,1760,1115.8839,0.0,0.0,False
CCTGTTGCATTGACAC-1-H0035_RA,389,640.1257,0.0,0.0,False
CCTGTTGTCCGGCTTT-1-H0035_RA,2900,1200.6221,0.0,0.0,False
CCTTCAGAGGTAAGAG-1-H0035_RA,1756,1140.2543,0.0,0.0,False
CCTTCAGCACCCTTGT-1-H0035_RA,606,825.774,0.0,0.0,False
CCTTGTGCAACAGCTT-1-H0035_RA,571,809.39496,0.0,0.0,False
CCTTGTGCAATCACGT-1-H0035_RA,1291,1080.4214,0.0,0.0,False
CCTTGTGGTACCCGCA-1-H0035_RA,1079,939.74384,0.0,0.0,False
CCTTGTGTCTACCCAC-1-H0035_RA,1423,1030.5145,0.0,0.0,False
CCTTTGGTCAATGCAC-1-H0035_RA,1739,1087.4756,0.0,0.0,False
CGAAGGATCGACCCAG-1-H0035_RA,1043,926.61206,0.0,0.0,False
CGAAGTTAGCATTTCG-1-H0035_RA,1174,1019.19934,0.0,0.0,False
CGAAGTTGTTCCGTTC-1-H0035_RA,2278,1249.0206,0.0,0.0,False
CGAATTGTCGATGGAG-1-H0035_RA,1293,1103.3488,0.0,0.0,False
CGACAGCGTCTATGAC-1-H0035_RA,983,1011.4057,0.0,0.0,False
CGAGAAGAGATGATTG-1-H0035_RA,768,925.6989,0.0,0.0,False
CGAGAAGTCAAAGGAT-1-H0035_RA,674,743.4536,0.0,0.0,False
CGAGTGCGTCAGGCAA-1-H0035_RA,687,839.51605,0.0,0.0,False
CGAGTGCGTTAAGGAT-1-H0035_RA,1123,1037.5948,0.0,0.0,False
CGAGTGCTCTGCATAG-1-H0035_RA,2992,1207.3481,0.0,0.0,False
CGAGTTATCCGTGTGG-1-H0035_RA,1465,1066.2605,0.0,0.0,False
CGATCGGTCCATCTGC-1-H0035_RA,1692,1130.0895,0.0,0.0,False
CGATGCGCAATAGAGT-1-H0035_RA,2374,1263.4613,0.0,0.0,False
CGATGCGCACAACGTT-1-H0035_RA,423,694.8422,0.0,0.0,False
CGATGCGGTTGTGGAG-1-H0035_RA,1487,1132.4708,0.0,0.0,False
CGATGGCAGGATTCAA-1-H0035_RA,3660,1173.1792,0.0,0.0,False
CGATGGCAGTCACTGT-1-H0035_RA,574,804.71075,0.0,0.0,False
CGATGGCGTGGTCAAG-1-H0035_RA,1437,1072.7042,0.0,0.0,False
CGATGGCTCGGACCAC-1-H0035_RA,2049,1169.2129,0.0,0.0,False
CGCAGGTGTTTAGTCG-1-H0035_RA,959,997.4629,0.0,0.0,False
CGCATAAGTGTGGTCC-1-H0035_RA,2517,1287.7681,0.0,0.0,False
CGCATAATCCTGATAG-1-H0035_RA,526,750.73364,0.0,0.0,False
CGCATGGTCAAGGTGG-1-H0035_RA,1827,1191.5021,0.0,0.0,False
CGCCAGACAATTCGTG-1-H0035_RA,1128,993.3595,0.0,0.0,False
CGCCAGAGTTCTTAGG-1-H0035_RA,1094,1038.8232,0.0,0.0,False
CGCCATTCAACCGACC-1-H0035_RA,757,920.7726,0.0,0.0,False
CGCGTGACACTAGGTT-1-H0035_RA,1226,985.7132,0.0,0.0,False
CGCGTGACAGAAGTGC-1-H0035_RA,3209,1096.9768,0.0,0.0,False
CGCGTGAGTTATTCCT-1-H0035_RA,934,977.4813,0.0,0.0,False
CGGAACCAGTACAACA-1-H0035_RA,2149,1044.7599,0.0,0.0,False
CGGAACCCAGCAGTCC-1-H0035_RA,1725,1185.4083,0.0,0.0,False
CGGAACCGTCAAGCCC-1-H0035_RA,1335,1102.8019,0.0,0.0,False
CGGAACCTCTTCACGC-1-H0035_RA,948,930.55066,0.0,0.0,False
CGGAATTAGCCTGAGA-1-H0035_RA,1140,975.8952,0.0,0.0,False
CGGAATTCACGGATCC-1-H0035_RA,2735,1069.1962,0.0,0.0,False
CGGACACCAGGTGAGT-1-H0035_RA,1799,1138.507,0.0,0.0,False
CGGACACGTGCATGTT-1-H0035_RA,996,968.7896,0.0,0.0,False
CGGAGAAAGTCGTCTA-1-H0035_RA,1425,1074.178,0.0,0.0,False
CGGAGAACATGATCTG-1-H0035_RA,927,989.2282,0.0,0.0,False
CGGAGAAGTTAGGGAC-1-H0035_RA,2363,1096.9537,0.0,0.0,False
CGGAGAATCCTGTAGA-1-H0035_RA,1890,1164.6593,0.0,0.0,False
CGGCAGTTCTCGCTCA-1-H0035_RA,2280,1173.6995,0.0,0.0,False
CGGGACTTCATCTGTT-1-H0035_RA,535,772.03345,0.0,0.0,False
CGGGCATTCCAAATGC-1-H0035_RA,2016,1163.1755,0.0,0.0,False
CGGGTCAAGTATGAAC-1-H0035_RA,992,1005.20844,0.0,0.0,False
CGGGTGTTCACTGATG-1-H0035_RA,1490,1066.5476,0.0,0.0,False
CGGTCAGAGCTAGTTC-1-H0035_RA,829,943.36536,0.0,0.0,False
CGGTCAGAGCTCGGCT-1-H0035_RA,648,798.72516,0.0,0.0,False
CGGTCAGCAGGTCTCG-1-H0035_RA,1102,1045.8053,0.0,0.0,False
CGTAAGTAGATCCAAA-1-H0035_RA,1716,1173.4305,0.0,0.0,False
CGTAAGTAGGACTATA-1-H0035_RA,1439,1165.7201,0.0,0.0,False
CGTAAGTGTCAGGAGT-1-H0035_RA,1869,1108.3125,0.0,0.0,False
CGTAGTAGTAGACAGC-1-H0035_RA,3526,1129.8964,0.0,0.0,False
CGTCAAACAAATACAG-1-H0035_RA,938,969.5711,0.0,0.0,False
CGTCAAACAGTAACGG-1-H0035_RA,881,877.02374,0.0,0.0,False
CGTCCATAGATACATG-1-H0035_RA,604,821.9874,0.0,0.0,False
CGTCCATCACGACGCT-1-H0035_RA,1084,1034.578,0.0,0.0,False
CGTGATACATTCTCCG-1-H0035_RA,952,978.98193,0.0,0.0,False
CGTGATAGTTCCGTTC-1-H0035_RA,2102,1115.1628,0.0,0.0,False
CGTGCTTGTGGGCTTC-1-H0035_RA,1281,1058.1655,0.0,0.0,False
CGTGTCTTCTTAAGGC-1-H0035_RA,2276,1157.1327,0.0,0.0,False
CGTTAGACATCCGGCA-1-H0035_RA,431,704.19073,0.0,0.0,False
CGTTAGATCTAGACCA-1-H0035_RA,1877,1165.5778,0.0,0.0,False
CTAACCCTCAGCGCAC-1-H0035_RA,4131,1339.4302,0.0,0.0,False
CTAACTTGTGTGTTTG-1-H0035_RA,1289,988.4398,0.0,0.0,False
CTACATTTCTTGCAGA-1-H0035_RA,1235,1007.17896,0.0,0.0,False
CTACCCAAGTATGTAG-1-H0035_RA,3285,1280.8884,0.0,0.0,False
CTACCCACATTGACCA-1-H0035_RA,1940,1244.7225,0.0,0.0,False
CTACCTGGTATGAGGC-1-H0035_RA,1814,1172.4028,0.0,0.0,False
CTACGGGAGTGAGGTC-1-H0035_RA,1664,1105.9965,0.0,0.0,False
CTACGGGTCAGGACAG-1-H0035_RA,1576,1153.5607,0.0,0.0,False
CTACTATCAGGAAGTC-1-H0035_RA,676,860.90625,0.0,0.0,False
CTACTATCATCTGCGG-1-H0035_RA,2333,1254.2,0.0,0.0,False
CTAGACATCTTCACAT-1-H0035_RA,1583,1081.3883,0.0,0.0,False
CTAGGTAAGAACGCGT-1-H0035_RA,1316,1079.6188,0.0,0.0,False
CTAGGTAAGGATTACA-1-H0035_RA,1092,939.5167,0.0,0.0,False
CTAGGTACAAGCCCAC-1-H0035_RA,1982,1128.6517,0.0,0.0,False
CTATAGGGTGATTCAC-1-H0035_RA,3613,1190.1251,0.0,0.0,False
CTATAGGTCTCTCTTC-1-H0035_RA,916,916.7913,0.0,0.0,False
CTATCCGAGGTTACAA-1-H0035_RA,935,976.50684,0.0,0.0,False
CTATCCGAGTAAAGCT-1-H0035_RA,1158,1011.94604,0.0,0.0,False
CTATCCGAGTGACCTT-1-H0035_RA,723,893.8604,0.0,0.0,False
CTATCTAAGGCTGGAT-1-H0035_RA,620,824.2758,0.0,0.0,False
CTATCTACACGGGTAA-1-H0035_RA,1550,1126.3196,0.0,0.0,False
CTATCTAGTACGTGAG-1-H0035_RA,1877,1186.4613,0.0,0.0,False
CTCAACCAGTTGCTGT-1-H0035_RA,2424,1208.3506,0.0,0.0,False
CTCAACCGTCGATTCA-1-H0035_RA,2387,1126.6425,0.0,0.0,False
CTCAACCGTTGCAAGG-1-H0035_RA,1820,1212.8195,0.0,0.0,False
CTCAAGAAGAGATGCC-1-H0035_RA,667,871.1171,0.0,0.0,False
CTCAAGATCTATCGTT-1-H0035_RA,1761,1094.2611,0.0,0.0,False
CTCAATTCAGCGTTTA-1-H0035_RA,1426,1086.5951,0.0,0.0,False
CTCAATTGTGATCGTT-1-H0035_RA,2763,1317.8917,0.0,0.0,False
CTCACTGAGAGCCCAA-1-H0035_RA,1506,1156.6235,0.0,0.0,False
CTCACTGAGGTTTACC-1-H0035_RA,1246,970.83514,0.0,0.0,False
CTCACTGGTAGCACAG-1-H0035_RA,3223,1214.0372,0.0,0.0,False
CTCAGAATCCATCAGA-1-H0035_RA,1011,967.82605,0.0,0.0,False
CTCAGTCCAAGAAACT-1-H0035_RA,1490,1070.3597,0.0,0.0,False
CTCAGTCCAGCAGATG-1-H0035_RA,969,982.33234,0.0,0.0,False
CTCAGTCGTAGACAGC-1-H0035_RA,4947,1368.9675,0.0,0.0,False
CTCAGTCTCCGCTAGG-1-H0035_RA,894,961.1429,0.0,0.0,False
CTCATCGAGGAGAGTA-1-H0035_RA,1649,1165.9015,0.0,0.0,False
CTCATCGCACTGGATT-1-H0035_RA,1078,1032.381,0.0,0.0,False
CTCATCGTCACCTCAC-1-H0035_RA,1006,947.11584,0.0,0.0,False
CTCATGCAGACTTCCA-1-H0035_RA,3293,1263.7628,0.0,0.0,False
CTCATGCAGACTTCGT-1-H0035_RA,743,903.4469,0.0,0.0,False
CTCATTAAGTAGTCTC-1-H0035_RA,2498,1119.3987,0.0,0.0,False
CTCATTAGTTCGGGTC-1-H0035_RA,1603,1154.877,0.0,0.0,False
CTCCAACCAATCCAGT-1-H0035_RA,1221,1023.12195,0.0,0.0,False
CTCCAACGTACACGTT-1-H0035_RA,2376,1203.6536,0.0,0.0,False
CTCCAACGTAGGAGTC-1-H0035_RA,1263,1051.3989,0.0,0.0,False
CTCCAACTCCATAGAC-1-H0035_RA,922,991.86316,0.0,0.0,False
CTCCACAGTGTACATC-1-H0035_RA,3699,1113.8225,0.0,0.0,False
CTCCATGAGCATGGGT-1-H0035_RA,2228,1232.5046,0.0,0.0,False
CTCCATGAGTAAACGT-1-H0035_RA,1327,1047.2396,0.0,0.0,False
CTCCCTCAGATTAGAC-1-H0035_RA,1792,1159.1254,0.0,0.0,False
CTCCGATCATGTAACC-1-H0035_RA,772,902.45465,0.0,0.0,False
CTCCGATGTCAGGTAG-1-H0035_RA,1202,1032.8228,0.0,0.0,False
CTCCGATTCGCTTAAG-1-H0035_RA,587,801.17303,0.0,0.0,False
CTCCTCCGTAGCGTAG-1-H0035_RA,2143,1246.7219,0.0,0.0,False
CTCCTCCGTCAGGCAA-1-H0035_RA,854,925.7305,0.0,0.0,False
CTCCTTTAGATACCAA-1-H0035_RA,2693,1134.1,0.0,0.0,False
CTCCTTTAGGTTCACT-1-H0035_RA,767,895.8364,0.0,0.0,False
CTCGAGGCACCCTAAA-1-H0035_RA,2946,1216.9983,0.0,0.0,False
CTCTCGAGTTCCGCAG-1-H0035_RA,3199,1246.9144,0.0,0.0,False
CTGAATGGTTGCATTG-1-H0035_RA,911,966.1016,0.0,0.0,False
CTGAGCGTCTGAGATC-1-H0035_RA,1095,1002.4352,0.0,0.0,False
CTGAGGCAGAAGGCTC-1-H0035_RA,2372,1173.12,0.0,0.0,False
CTGAGGCAGCCTTTCC-1-H0035_RA,1078,920.19867,0.0,0.0,False
CTGAGGCCATAGATCC-1-H0035_RA,2201,1115.903,0.0,0.0,False
CTGAGGCTCCACGGGT-1-H0035_RA,2118,1103.9495,0.0,0.0,False
CTGAGGCTCGGCGATC-1-H0035_RA,582,777.7239,0.0,0.0,False
CTGCATCGTTACGTAC-1-H0035_RA,2926,1118.9539,0.0,0.0,False
CTGCCATCATGTTACG-1-H0035_RA,3294,1161.1144,0.0,0.0,False
CTGCCATTCCACCTGT-1-H0035_RA,1171,1020.7842,0.0,0.0,False
CTGCCTAGTTTAAGGA-1-H0035_RA,772,918.9918,0.0,0.0,False
CTGCGAGAGTGAACAT-1-H0035_RA,1860,1092.7552,0.0,0.0,False
CTGCGAGTCGATCCCT-1-H0035_RA,2623,1189.9792,0.0,0.0,False
CTGCGAGTCGGCTATA-1-H0035_RA,792,882.2674,0.0,0.0,False
CTGCTCAGTATACGGG-1-H0035_RA,2836,1188.3081,0.0,0.0,False
CTGGACGCAATTGCCA-1-H0035_RA,821,899.8703,0.0,0.0,False
CTGGACGGTTGTGTTG-1-H0035_RA,1411,1079.0895,0.0,0.0,False
CTGGCAGAGAGCACTG-1-H0035_RA,1218,1037.9622,0.0,0.0,False
CTGGCAGAGGTTAAAC-1-H0035_RA,1614,1118.2146,0.0,0.0,False
CTGGCAGGTGAGATTA-1-H0035_RA,827,916.4381,0.0,0.0,False
CTGGTCTAGTCATCGT-1-H0035_RA,1085,934.9176,0.0,0.0,False
CTGGTCTGTTTACTTC-1-H0035_RA,2578,1174.9811,0.0,0.0,False
CTGTACCCAGATGCGA-1-H0035_RA,2197,1276.3993,0.0,0.0,False
CTGTAGAGTAGGCTCC-1-H0035_RA,1343,1086.0747,0.0,0.0,False
CTGTAGATCCAAGCTA-1-H0035_RA,899,985.1619,0.0,0.0,False
CTGTATTCAGTCCCGA-1-H0035_RA,406,653.7377,0.0,0.0,False
CTGTATTTCTTCTCAA-1-H0035_RA,3393,1189.4211,0.0,0.0,False
CTGTCGTCACTACAGT-1-H0035_RA,882,958.2878,0.0,0.0,False
CTGTGAATCGCCAGAC-1-H0035_RA,729,829.9642,0.0,0.0,False
CTGTGGGGTGGTCTCG-1-H0035_RA,1206,1043.9183,0.0,0.0,False
CTGTGGGTCTCGGTAA-1-H0035_RA,3188,1286.8225,0.0,0.0,False
CTTACCGAGATTACCC-1-H0035_RA,1779,1130.9592,0.0,0.0,False
CTTAGGAAGGTCGTCC-1-H0035_RA,3154,1293.4188,0.0,0.0,False
CTTAGGACAAGCCATT-1-H0035_RA,830,920.05853,0.0,0.0,False
CTTCAATGTATCACGT-1-H0035_RA,1019,961.65796,0.0,0.0,False
CTTCAATGTTGTGGCC-1-H0035_RA,1245,1064.988,0.0,0.0,False
CTTCCTTGTCCAGCGT-1-H0035_RA,727,868.725,0.0,0.0,False
CTTCCTTTCCACACAA-1-H0035_RA,2596,1260.9269,0.0,0.0,False
CTTCCTTTCTGTAACG-1-H0035_RA,1921,1128.8411,0.0,0.0,False
CTTCTAAGTTCACGAT-1-H0035_RA,1203,935.5613,0.0,0.0,False
CTTCTCTAGTATCCTG-1-H0035_RA,994,1017.5301,0.0,0.0,False
CTTCTCTTCCATTGTT-1-H0035_RA,998,1006.83527,0.0,0.0,False
CTTGAGACAACTCATG-1-H0035_RA,792,922.4701,0.0,0.0,False
CTTGAGAGTCATCAGT-1-H0035_RA,1286,1048.4023,0.0,0.0,False
CTTGAGATCTTTCTAG-1-H0035_RA,493,745.5893,0.0,0.0,False
CTTTCGGCATGTTCGA-1-H0035_RA,4147,1226.4823,0.0,0.0,False
CTTTCGGTCCTAGCGG-1-H0035_RA,2477,1208.2859,0.0,0.0,False
GAAACCTTCAGCGCAC-1-H0035_RA,648,807.4563,0.0,0.0,False
GAAATGACAACACAAA-1-H0035_RA,2812,1049.9457,0.0,0.0,False
GAAATGATCATGCGGC-1-H0035_RA,4191,1313.6904,0.0,0.0,False
GAAATGATCGCGTGAC-1-H0035_RA,3783,1370.3889,0.0,0.0,False
GAACGTTAGACTCATC-1-H0035_RA,1465,1029.2837,0.0,0.0,False
GAACGTTTCCTAACAG-1-H0035_RA,1265,985.18304,0.0,0.0,False
GAACTGTAGTAGTCCT-1-H0035_RA,1015,985.0328,0.0,0.0,False
GAAGAATGTGCATTTG-1-H0035_RA,2851,1149.9385,0.0,0.0,False
GAAGCCCGTCGAGTTT-1-H0035_RA,983,965.21686,0.0,0.0,False
GAAGCGAAGGGATGTC-1-H0035_RA,1018,1000.04926,0.0,0.0,False
GAAGCGATCCGATCTC-1-H0035_RA,2164,1211.4675,0.0,0.0,False
GAAGGACCAGAGCGTA-1-H0035_RA,1458,1064.99,0.0,0.0,False
GAAGGACGTAAGTTAG-1-H0035_RA,587,788.253,0.0,0.0,False
GAAGGACGTACCCACG-1-H0035_RA,1252,1049.3335,0.0,0.0,False
GAAGGGTAGAACAAGG-1-H0035_RA,811,934.3039,0.0,0.0,False
GAAGGGTTCGTTCTCG-1-H0035_RA,1448,1100.1064,0.0,0.0,False
GAAGGGTTCTGTTCAT-1-H0035_RA,970,995.89294,0.0,0.0,False
GAAGTAAGTTCAAAGA-1-H0035_RA,3763,1416.9639,0.0,0.0,False
GAATCACAGTTGGCTT-1-H0035_RA,742,907.2885,0.0,0.0,False
GAATCGTAGGACTAAT-1-H0035_RA,1787,1193.9875,0.0,0.0,False
GAATCGTCAAATGCGG-1-H0035_RA,1365,990.0715,0.0,0.0,False
GACACGCTCAAACCTG-1-H0035_RA,467,717.3321,0.0,0.0,False
GACACGCTCTACTCAT-1-H0035_RA,1161,968.47595,0.0,0.0,False
GACAGCCAGATTCGAA-1-H0035_RA,2736,1227.8118,0.0,0.0,False
GACATCAAGGTTTGAA-1-H0035_RA,3332,1280.6008,0.0,0.0,False
GACCAATAGCAACAGC-1-H0035_RA,678,804.2278,0.0,0.0,False
GACCAATAGTTTGTCG-1-H0035_RA,3699,1240.2686,0.0,0.0,False
GACCAATCAGTTTCGA-1-H0035_RA,2254,1103.7006,0.0,0.0,False
GACCAATTCACATTGG-1-H0035_RA,516,770.04675,0.0,0.0,False
GACCCAGAGTACTCGT-1-H0035_RA,1926,1058.6621,0.0,0.0,False
GACCCAGTCGAGCACC-1-H0035_RA,1271,968.3701,0.0,0.0,False
GACCGTGGTCGATTTG-1-H0035_RA,1113,1032.2549,0.0,0.0,False
GACCGTGTCGTTGTTT-1-H0035_RA,2680,1096.8234,0.0,0.0,False
GACGTTACATGTTCGA-1-H0035_RA,1448,1088.7616,0.0,0.0,False
GACTCAACAATGAACA-1-H0035_RA,2136,1193.7084,0.0,0.0,False
GACTCTCCAGTGGCTC-1-H0035_RA,1861,1238.9811,0.0,0.0,False
GACTTCCAGGAGGTTC-1-H0035_RA,1481,1098.4819,0.0,0.0,False
GAGAAATGTCGTCGGT-1-H0035_RA,4573,1286.7887,0.0,0.0,False
GAGACCCAGATTAGTG-1-H0035_RA,2509,1162.2014,0.0,0.0,False
GAGACTTGTCCAAATC-1-H0035_RA,1251,1111.7953,0.0,0.0,False
GAGACTTGTGCCTACG-1-H0035_RA,1011,1002.7871,0.0,0.0,False
GAGACTTTCTGCAGCG-1-H0035_RA,2748,1077.3992,0.0,0.0,False
GAGAGGTAGACAGCGT-1-H0035_RA,2382,1284.7742,0.0,0.0,False
GAGAGGTGTTCTCCAC-1-H0035_RA,1315,1033.0939,0.0,0.0,False
GAGGCAAGTCCTACGG-1-H0035_RA,827,941.7198,0.0,0.0,False
GAGGCAATCACTGAAC-1-H0035_RA,2291,1189.1075,0.0,0.0,False
GAGGCAATCCGATGCG-1-H0035_RA,793,943.7551,0.0,0.0,False
GAGGGATTCATTGCGA-1-H0035_RA,1421,1096.2991,0.0,0.0,False
GAGGGTAGTCTTCTAT-1-H0035_RA,516,746.0411,0.0,0.0,False
GAGTCATCAGTGGGTA-1-H0035_RA,806,939.7829,0.0,0.0,False
GAGTCATCATGGGTCC-1-H0035_RA,1881,1128.4257,0.0,0.0,False
GAGTCTAGTGCCCGTA-1-H0035_RA,3949,1350.2803,0.0,0.0,False
GAGTCTATCATTTGGG-1-H0035_RA,4920,1380.9417,0.0,0.0,False
GAGTGTTAGTCTGGAG-1-H0035_RA,2235,1193.8259,0.0,0.0,False
GAGTGTTGTACGTGAG-1-H0035_RA,569,802.8243,0.0,0.0,False
GAGTTACAGACCTCCG-1-H0035_RA,4504,1255.6849,0.0,0.0,False
GAGTTACGTTGTCTAG-1-H0035_RA,3385,1194.1968,0.0,0.0,False
GAGTTGTTCATTGCCC-1-H0035_RA,703,854.9898,0.0,0.0,False
GAGTTTGGTAGCTGCC-1-H0035_RA,1154,948.58875,0.0,0.0,False
GATAGAAGTATCGGTT-1-H0035_RA,4772,1316.4669,0.0,0.0,False
GATAGAAGTTTCGGCG-1-H0035_RA,3092,1252.9523,0.0,0.0,False
GATAGCTAGTGGCAGT-1-H0035_RA,1570,1134.7252,0.0,0.0,False
GATAGCTCACTTCTCG-1-H0035_RA,1288,1023.22754,0.0,0.0,False
GATAGCTCAGCACGAA-1-H0035_RA,1325,1046.5176,0.0,0.0,False
GATAGCTTCGATACGT-1-H0035_RA,1900,1051.8867,0.0,0.0,False
GATCAGTGTTACCTGA-1-H0035_RA,1250,1011.9904,0.0,0.0,False
GATCATGGTTCCCAAA-1-H0035_RA,1682,1127.7362,0.0,0.0,False
GATCATGTCAACGTGT-1-H0035_RA,3482,1282.6534,0.0,0.0,False
GATCATGTCGCAATGT-1-H0035_RA,2019,1100.7832,0.0,0.0,False
GATCATGTCGTAGGGA-1-H0035_RA,1450,1024.0566,0.0,0.0,False
GATCCCTAGACGCCAA-1-H0035_RA,1678,1161.9518,0.0,0.0,False
GATCCCTAGTTAACAG-1-H0035_RA,1798,1173.9775,0.0,0.0,False
GATCCCTCAATCGAAA-1-H0035_RA,439,702.31006,0.0,0.0,False
GATCGTAAGCCGATAG-1-H0035_RA,2874,1167.7178,0.0,0.0,False
GATCGTACATATCTGG-1-H0035_RA,518,750.52576,0.0,0.0,False
GATCGTATCGAGAGCA-1-H0035_RA,1097,1043.3531,0.0,0.0,False
GATGACTAGTGCCGAA-1-H0035_RA,1135,1008.49866,0.0,0.0,False
GATGACTCATCTTAGG-1-H0035_RA,2642,1225.1494,0.0,0.0,False
GATGACTTCTTGTTAC-1-H0035_RA,3631,1258.018,0.0,0.0,False
GATGAGGCACCCTAGG-1-H0035_RA,1677,1132.8362,0.0,0.0,False
GATGATCGTACAGAGC-1-H0035_RA,2436,1243.3564,0.0,0.0,False
GATGATCGTCCTCATC-1-H0035_RA,753,905.16766,0.0,0.0,False
GATGATCGTCTGTGTA-1-H0035_RA,1362,1118.777,0.0,0.0,False
GATGATCGTTTGTTCT-1-H0035_RA,1006,977.3018,0.0,0.0,False
GATGCTATCGGTGTAT-1-H0035_RA,2005,1172.0212,0.0,0.0,False
GATGGAGAGCATGAAT-1-H0035_RA,708,890.84796,0.0,0.0,False
GATGGAGAGCCGATCC-1-H0035_RA,1214,1033.3452,0.0,0.0,False
GATGTTGGTCCTATAG-1-H0035_RA,1289,1081.423,0.0,0.0,False
GATTCGAGTTAAGCAA-1-H0035_RA,893,958.05383,0.0,0.0,False
GATTTCTTCGACCATA-1-H0035_RA,1598,1055.1416,0.0,0.0,False
GCAACATGTCCCGTGA-1-H0035_RA,641,845.45654,0.0,0.0,False
GCAACATGTTTAGAGA-1-H0035_RA,1841,1170.3595,0.0,0.0,False
GCAACCGCATTCACCC-1-H0035_RA,2520,1245.6313,0.0,0.0,False
GCAACCGGTCAGCTTA-1-H0035_RA,3711,1141.0532,0.0,0.0,False
GCAACCGGTCTACACA-1-H0035_RA,2112,1175.5768,0.0,0.0,False
GCACATAAGGCTAAAT-1-H0035_RA,1067,1029.4047,0.0,0.0,False
GCACATAGTTTCGTGA-1-H0035_RA,2414,1028.0696,0.0,0.0,False
GCACGGTCACCGCTAG-1-H0035_RA,1221,1017.8939,0.0,0.0,False
GCACGGTGTCATCAGT-1-H0035_RA,1344,1056.4727,0.0,0.0,False
GCACGGTGTCCTGTTC-1-H0035_RA,1841,1172.7771,0.0,0.0,False
GCACGGTTCAAGCCAT-1-H0035_RA,795,876.91315,0.0,0.0,False
GCACGGTTCTAGGCAT-1-H0035_RA,959,991.7474,0.0,0.0,False
GCACGTGAGGTTCTTG-1-H0035_RA,1058,1038.6844,0.0,0.0,False
GCACTAACAGGACGAT-1-H0035_RA,3012,1306.4214,0.0,0.0,False
GCACTAAGTACTAACC-1-H0035_RA,4310,1259.478,0.0,0.0,False
GCAGCCAAGTAATTGG-1-H0035_RA,577,806.2096,0.0,0.0,False
GCAGCCACATCGTCCT-1-H0035_RA,877,978.5136,0.0,0.0,False
GCAGCTGCATCGAACT-1-H0035_RA,1231,1033.8116,0.0,0.0,False
GCAGCTGGTCAAGGCA-1-H0035_RA,2276,1186.4343,0.0,0.0,False
GCAGGCTCAGGGAGAG-1-H0035_RA,593,799.4548,0.0,0.0,False
GCAGGCTGTAAGGAGA-1-H0035_RA,1185,994.93353,0.0,0.0,False
GCAGGCTTCGATTCCC-1-H0035_RA,1373,1047.04,0.0,0.0,False
GCAGGCTTCTACCAGA-1-H0035_RA,422,687.0159,0.0,0.0,False
GCAGTTACAATGCTCA-1-H0035_RA,1616,1024.5184,0.0,0.0,False
GCAGTTATCACTGATG-1-H0035_RA,1391,1139.5507,0.0,0.0,False
GCATCGGGTCGCATGC-1-H0035_RA,1173,1048.194,0.0,0.0,False
GCATCTCAGGTTGGAC-1-H0035_RA,933,935.63354,0.0,0.0,False
GCATGATGTGGTCTTA-1-H0035_RA,1826,1180.0548,0.0,0.0,False
GCATGATGTTGCATAC-1-H0035_RA,4393,1328.52,0.0,0.0,False
GCCAGCAAGAGTGGCT-1-H0035_RA,785,918.1784,0.0,0.0,False
GCCAGCACACGACGAA-1-H0035_RA,3476,1171.3916,0.0,0.0,False
GCCAGCAGTCGTCTCT-1-H0035_RA,958,926.80475,0.0,0.0,False
GCCAGGTAGTATGGAT-1-H0035_RA,747,886.5651,0.0,0.0,False
GCCAGGTGTGAGTAGC-1-H0035_RA,1144,963.1125,0.0,0.0,False
GCCAGTGTCTCTAGGA-1-H0035_RA,1934,1086.8583,0.0,0.0,False
GCCATTCCATTCCTCG-1-H0035_RA,1431,1111.4841,0.0,0.0,False
GCCATTCGTGCTATTG-1-H0035_RA,1061,970.6528,0.0,0.0,False
GCCCAGAGTCCTACAA-1-H0035_RA,1192,1053.9644,0.0,0.0,False
GCCCAGAGTCTTCGAA-1-H0035_RA,1891,1129.6008,0.0,0.0,False
GCCCGAATCGTCTCAC-1-H0035_RA,1535,983.99805,0.0,0.0,False
GCCGATGCACTGTTCC-1-H0035_RA,1767,1103.0132,0.0,0.0,False
GCCGATGCAGTTCACA-1-H0035_RA,1330,1117.5491,0.0,0.0,False
GCCGATGTCACCCTGT-1-H0035_RA,2007,852.60284,0.0,0.0,False
GCCTGTTAGGCTCTAT-1-H0035_RA,1782,1168.7296,0.0,0.0,False
GCCTGTTAGTTTCTTC-1-H0035_RA,2020,1215.2557,0.0,0.0,False
GCCTGTTGTAAGATCA-1-H0035_RA,1486,1075.1051,0.0,0.0,False
GCGAGAACAAGCGATG-1-H0035_RA,1767,1159.7393,0.0,0.0,False
GCGAGAAGTTGAATCC-1-H0035_RA,2555,1129.3245,0.0,0.0,False
GCGAGAATCCCAAGTA-1-H0035_RA,778,909.17303,0.0,0.0,False
GCGATCGCATCGGTTA-1-H0035_RA,2047,1171.2969,0.0,0.0,False
GCGATCGGTAAGCAAT-1-H0035_RA,1670,1029.7904,0.0,0.0,False
GCGATCGTCCGGACTG-1-H0035_RA,1577,984.7071,0.0,0.0,False
GCGGAAAAGCCTTTGA-1-H0035_RA,1171,996.01166,0.0,0.0,False
GCGGAAAAGGCACCAA-1-H0035_RA,731,883.6736,0.0,0.0,False
GCGTGCACATCTAACG-1-H0035_RA,907,966.3995,0.0,0.0,False
GCGTGCATCTTACGTT-1-H0035_RA,2688,1055.3357,0.0,0.0,False
GCTACAACAATAGGGC-1-H0035_RA,305,519.0708,0.0,0.0,False
GCTACCTTCAGTAGGG-1-H0035_RA,1340,1056.2445,0.0,0.0,False
GCTCAAAAGATCCAAA-1-H0035_RA,1385,1051.5518,0.0,0.0,False
GCTCAAACACGCGTCA-1-H0035_RA,2376,1066.9655,0.0,0.0,False
GCTGAATAGCAGTAAT-1-H0035_RA,2407,1026.8983,0.0,0.0,False
GCTGAATCAACGATTC-1-H0035_RA,1719,1171.8732,0.0,0.0,False
GCTGAATTCGGCATCG-1-H0035_RA,1325,1026.9269,0.0,0.0,False
GCTGCAGAGTGGACGT-1-H0035_RA,1278,1071.2151,0.0,0.0,False
GCTTCACGTTTGCAGT-1-H0035_RA,792,920.87384,0.0,0.0,False
GCTTGGGAGGCACTAG-1-H0035_RA,2680,1294.9521,0.0,0.0,False
GCTTGGGTCGGCGATC-1-H0035_RA,3165,1313.4314,0.0,0.0,False
GCTTTCGGTGGCTACC-1-H0035_RA,3974,1291.4307,0.0,0.0,False
GCTTTCGTCACCACAA-1-H0035_RA,4025,1232.8267,0.0,0.0,False
GCTTTCGTCATCAGTG-1-H0035_RA,1681,1182.1515,0.0,0.0,False
GGAACCCAGTGCGCTC-1-H0035_RA,1396,1114.0192,0.0,0.0,False
GGAACCCAGTTAACGA-1-H0035_RA,1775,1060.3776,0.0,0.0,False
GGAACCCGTCGCATCG-1-H0035_RA,2976,1290.94,0.0,0.0,False
GGAACCCTCTGCCTGT-1-H0035_RA,1485,1118.1482,0.0,0.0,False
GGAAGTGTCTCAGTCC-1-H0035_RA,1226,1069.1602,0.0,0.0,False
GGAATCTAGTGCTAGG-1-H0035_RA,1671,1034.4884,0.0,0.0,False
GGAATCTTCTCCTACG-1-H0035_RA,735,878.3559,0.0,0.0,False
GGAATCTTCTGTCTCG-1-H0035_RA,2275,1213.0015,0.0,0.0,False
GGAATGGAGTCACGCC-1-H0035_RA,1497,1081.6731,0.0,0.0,False
GGACGTCAGGATTCCT-1-H0035_RA,1457,1103.7971,0.0,0.0,False
GGACGTCTCCATTGTT-1-H0035_RA,1701,1155.891,0.0,0.0,False
GGAGAACAGTCGGGAT-1-H0035_RA,2968,1121.2926,0.0,0.0,False
GGAGCAAAGTGTAGAT-1-H0035_RA,750,910.3911,0.0,0.0,False
GGAGGATAGGTCTACT-1-H0035_RA,478,733.58777,0.0,0.0,False
GGAGGTACACGGCTAC-1-H0035_RA,1139,998.44775,0.0,0.0,False
GGAGGTATCGAAGTGG-1-H0035_RA,2681,1145.4673,0.0,0.0,False
GGATCTATCCGCGAGT-1-H0035_RA,1109,998.60223,0.0,0.0,False
GGATCTATCCGTTGGG-1-H0035_RA,1786,1237.4126,0.0,0.0,False
GGATGTTGTTCGGCGT-1-H0035_RA,1297,1073.3394,0.0,0.0,False
GGCACGTAGACGCATG-1-H0035_RA,3792,1069.0852,0.0,0.0,False
GGCTTGGGTGCCTAAT-1-H0035_RA,780,917.13873,0.0,0.0,False
GGCTTGGTCACTGGGC-1-H0035_RA,1491,1068.2329,0.0,0.0,False
GGCTTGGTCGCGTAGC-1-H0035_RA,1008,991.214,0.0,0.0,False
GGCTTTCAGAAGCCAC-1-H0035_RA,897,999.56384,0.0,0.0,False
GGCTTTCAGACCTCAT-1-H0035_RA,2433,1230.9187,0.0,0.0,False
GGCTTTCAGACGACGT-1-H0035_RA,2122,1239.7555,0.0,0.0,False
GGCTTTCGTAGCTGCC-1-H0035_RA,1678,1042.4436,0.0,0.0,False
GGCTTTCTCCGGCAAC-1-H0035_RA,2780,1249.4922,0.0,0.0,False
GGGACAAAGTACGTCT-1-H0035_RA,576,818.6903,0.0,0.0,False
GGGACCTAGATTAGCA-1-H0035_RA,2272,1252.7963,0.0,0.0,False
GGGACCTAGGTCGAGT-1-H0035_RA,2598,1228.9999,0.0,0.0,False
GGGACCTGTCTGTAGT-1-H0035_RA,843,842.44855,0.0,0.0,False
GGGAGATAGGTCTACT-1-H0035_RA,417,697.24023,0.0,0.0,False
GGGAGATAGTCACTGT-1-H0035_RA,1332,1057.251,0.0,0.0,False
GGGATGAAGGACAGTC-1-H0035_RA,1055,1004.6993,0.0,0.0,False
GGGCCATCACATAGCT-1-H0035_RA,3747,1333.558,0.0,0.0,False
GGGCCATCAGTTGTCA-1-H0035_RA,4604,1362.464,0.0,0.0,False
GGGCGTTTCAAGAGGC-1-H0035_RA,358,583.7154,0.0,0.0,False
GGGCTACAGGCTGGAT-1-H0035_RA,1598,1134.6105,0.0,0.0,False
GGGCTACTCTCTTAAC-1-H0035_RA,2006,1192.7893,0.0,0.0,False
GGGCTCAAGAATCGAT-1-H0035_RA,562,810.8491,0.0,0.0,False
GGGCTCACAGAGAGGG-1-H0035_RA,2808,1164.2634,0.0,0.0,False
GGGCTCAGTGTCCGGT-1-H0035_RA,1866,1074.7668,0.0,0.0,False
GGGCTCATCCGTATGA-1-H0035_RA,1461,1063.1232,0.0,0.0,False
GGGTCACAGGAGAGGC-1-H0035_RA,1901,1140.3992,0.0,0.0,False
GGGTCACCAAGACGGT-1-H0035_RA,1433,1029.9114,0.0,0.0,False
GGGTCACCACGTCATA-1-H0035_RA,677,857.6507,0.0,0.0,False
GGGTGAAAGAGCAACC-1-H0035_RA,564,810.6253,0.0,0.0,False
GGGTGAACAAAGGTTA-1-H0035_RA,1236,1056.8641,0.0,0.0,False
GGGTGAAGTAGGGTAC-1-H0035_RA,2275,1188.3325,0.0,0.0,False
GGGTGAAGTGGCCCAT-1-H0035_RA,1615,1184.6809,0.0,0.0,False
GGGTGTCAGGCGAACT-1-H0035_RA,891,955.6603,0.0,0.0,False
GGGTGTCTCGAATCCA-1-H0035_RA,1660,1180.2677,0.0,0.0,False
GGTAACTAGATACATG-1-H0035_RA,2683,1204.4318,0.0,0.0,False
GGTAATCCACTTTATC-1-H0035_RA,2768,1186.7985,0.0,0.0,False
GGTGAAGTCTCCATAT-1-H0035_RA,627,808.4437,0.0,0.0,False
GGTGATTAGAAACACT-1-H0035_RA,3194,1320.0259,0.0,0.0,False
GGTGATTCACGTGAGA-1-H0035_RA,854,960.10297,0.0,0.0,False
GGTGATTGTATTTCCT-1-H0035_RA,1334,1104.9414,0.0,0.0,False
GGTGATTGTTGTGCAT-1-H0035_RA,670,831.7196,0.0,0.0,False
GGTGTCGAGACAGCTG-1-H0035_RA,562,795.8949,0.0,0.0,False
GGTGTCGTCGGAGATG-1-H0035_RA,1264,1014.1365,0.0,0.0,False
GGTGTTACATGAAGGC-1-H0035_RA,1572,1126.0895,0.0,0.0,False
GGTTGTACATAGTCGT-1-H0035_RA,524,758.07074,0.0,0.0,False
GGTTGTAGTGAACTAA-1-H0035_RA,798,888.90936,0.0,0.0,False
GGTTGTATCTCAACCC-1-H0035_RA,3621,1326.9896,0.0,0.0,False
GTAACACAGCAACCAG-1-H0035_RA,1700,1149.8989,0.0,0.0,False
GTAACACAGCCTCTTC-1-H0035_RA,1611,1142.0543,0.0,0.0,False
GTAACACGTAGAGCTG-1-H0035_RA,1738,1162.9144,0.0,0.0,False
GTAAGTCAGGGATCGT-1-H0035_RA,2840,1247.4158,0.0,0.0,False
GTAAGTCAGTGAATAC-1-H0035_RA,855,933.21106,0.0,0.0,False
GTAAGTCCACATAGCT-1-H0035_RA,522,763.20703,0.0,0.0,False
GTAATCGGTCGCGTCA-1-H0035_RA,1317,1067.8652,0.0,0.0,False
GTAATGCAGTACGAGC-1-H0035_RA,840,918.80255,0.0,0.0,False
GTAATGCCAATTGCAC-1-H0035_RA,1245,1091.9271,0.0,0.0,False
GTAGAAAAGTGTTGAA-1-H0035_RA,2937,1117.9365,0.0,0.0,False
GTAGAAACAAATACGA-1-H0035_RA,1048,1009.33014,0.0,0.0,False
GTAGAAAGTGCGGTAA-1-H0035_RA,1828,1130.301,0.0,0.0,False
GTAGAAATCTTTGCGC-1-H0035_RA,762,897.00305,0.0,0.0,False
GTAGAGGAGTCAAGCG-1-H0035_RA,565,784.7646,0.0,0.0,False
GTAGAGGAGTCCTACA-1-H0035_RA,1763,1167.2207,0.0,0.0,False
GTAGAGGGTGTTTGCA-1-H0035_RA,692,834.2936,0.0,0.0,False
GTAGATCAGGGTGAAA-1-H0035_RA,2952,1310.3599,0.0,0.0,False
GTAGATCGTTGGAGGT-1-H0035_RA,904,970.8516,0.0,0.0,False
GTAGATCTCACTGGGC-1-H0035_RA,932,987.5545,0.0,0.0,False
GTAGGAGCACCATTCC-1-H0035_RA,1965,1144.2909,0.0,0.0,False
GTAGGAGCATCACCAA-1-H0035_RA,767,837.4907,0.0,0.0,False
GTAGGAGGTGAAGCGT-1-H0035_RA,3658,1188.7322,0.0,0.0,False
GTAGGTTAGTACCGGA-1-H0035_RA,796,924.7423,0.0,0.0,False
GTAGGTTTCAATCCAG-1-H0035_RA,3319,1201.1094,0.0,0.0,False
GTAGGTTTCCCTTGGT-1-H0035_RA,1642,1095.6779,0.0,0.0,False
GTAGTACGTGGCTCTG-1-H0035_RA,1053,951.5029,0.0,0.0,False
GTCAAACCAGAAATTG-1-H0035_RA,656,864.6847,0.0,0.0,False
GTCAAACGTTAATCGC-1-H0035_RA,2803,1241.0361,0.0,0.0,False
GTCAAACTCAAGGACG-1-H0035_RA,879,974.14575,0.0,0.0,False
GTCAAGTGTATCTCGA-1-H0035_RA,1933,1119.4382,0.0,0.0,False
GTCAAGTTCCAGCCTT-1-H0035_RA,453,717.80756,0.0,0.0,False
GTCAAGTTCTGCCTGT-1-H0035_RA,1408,1116.828,0.0,0.0,False
GTCACGGAGCGGGTAT-1-H0035_RA,1123,1048.3148,0.0,0.0,False
GTCACGGAGGACACTG-1-H0035_RA,939,890.3652,0.0,0.0,False
GTCACGGAGTAAATGC-1-H0035_RA,542,795.4503,0.0,0.0,False
GTCACGGCAGTGAGCA-1-H0035_RA,1031,988.1777,0.0,0.0,False
GTCACGGTCATGAAAG-1-H0035_RA,673,863.73096,0.0,0.0,False
GTCACGGTCTTCCACG-1-H0035_RA,1063,856.0207,0.0,0.0,False
GTCACTCAGGACGGAG-1-H0035_RA,1366,993.4031,0.0,0.0,False
GTCACTCAGTTGGGAC-1-H0035_RA,2754,1163.0702,0.0,0.0,False
GTCACTCCACAGTGTT-1-H0035_RA,1195,1054.6135,0.0,0.0,False
GTCACTCCATCTTTCA-1-H0035_RA,1020,950.2229,0.0,0.0,False
GTCACTCGTCCAGCCA-1-H0035_RA,1335,1039.8751,0.0,0.0,False
GTCATCCAGTTGCGAG-1-H0035_RA,994,961.36365,0.0,0.0,False
GTCATCCCATGTTACG-1-H0035_RA,1934,1203.7891,0.0,0.0,False
GTCATGACAGTGGCTC-1-H0035_RA,3821,1220.7257,0.0,0.0,False
GTCATTTGTGCACATT-1-H0035_RA,685,869.99,0.0,0.0,False
GTCCACTCAATCTCTT-1-H0035_RA,1446,1133.1848,0.0,0.0,False
GTCCACTCAATTGCTG-1-H0035_RA,1395,1095.6007,0.0,0.0,False
GTCCACTCAGTCACGC-1-H0035_RA,1986,1110.0197,0.0,0.0,False
GTCCACTGTGCAACGA-1-H0035_RA,1922,1173.5822,0.0,0.0,False
GTCCACTTCTGCTTTA-1-H0035_RA,933,948.364,0.0,0.0,False
GTCCCATAGTGCCAGA-1-H0035_RA,647,848.1435,0.0,0.0,False
GTCCCATGTTGTTTGG-1-H0035_RA,3412,1205.2585,0.0,0.0,False
GTCCCATTCGAGCCAC-1-H0035_RA,1981,1208.9794,0.0,0.0,False
GTCGAATTCTGCAGCG-1-H0035_RA,527,783.3531,0.0,0.0,False
GTCGCGAAGCAGCACA-1-H0035_RA,2902,1195.9653,0.0,0.0,False
GTCGCGATCAACTCTT-1-H0035_RA,1439,1044.8584,0.0,0.0,False
GTCGCGATCCCGAGGT-1-H0035_RA,3005,1115.8347,0.0,0.0,False
GTCGTAACAGGTCAAG-1-H0035_RA,3862,1302.0101,0.0,0.0,False
GTCGTAAGTTATTCCT-1-H0035_RA,2995,1346.4813,0.0,0.0,False
GTCTACCAGGACTGGT-1-H0035_RA,785,917.23376,0.0,0.0,False
GTCTACCAGTACTCGT-1-H0035_RA,2955,1223.4996,0.0,0.0,False
GTCTACCCAGCATACT-1-H0035_RA,2907,1130.9221,0.0,0.0,False
GTCTACCGTTCGAAGG-1-H0035_RA,1297,1063.1991,0.0,0.0,False
GTCTAGATCCGTGCGA-1-H0035_RA,909,985.1345,0.0,0.0,False
GTCTCACCAGATGCGA-1-H0035_RA,535,797.64874,0.0,0.0,False
GTCTCACTCGTTAGTG-1-H0035_RA,2462,1203.3307,0.0,0.0,False
GTCTCACTCTAGATCG-1-H0035_RA,646,856.96625,0.0,0.0,False
GTCTGTCAGGTGCTGA-1-H0035_RA,3997,1367.5782,0.0,0.0,False
GTCTGTCCAAGCTCTA-1-H0035_RA,3621,1342.4076,0.0,0.0,False
GTCTTTAAGTGGATAT-1-H0035_RA,1670,1156.5001,0.0,0.0,False
GTCTTTAGTCACGTGC-1-H0035_RA,596,792.69775,0.0,0.0,False
GTGACGCAGCGCACAA-1-H0035_RA,583,818.10077,0.0,0.0,False
GTGACGCCATGGAGAC-1-H0035_RA,1257,1079.6119,0.0,0.0,False
GTGACGCTCCCTTCCC-1-H0035_RA,1775,1079.8473,0.0,0.0,False
GTGACGCTCTTCGGAA-1-H0035_RA,728,862.6319,0.0,0.0,False
GTGAGGAAGGTCGACA-1-H0035_RA,3269,1334.6442,0.0,0.0,False
GTGAGTTTCCGTGGTG-1-H0035_RA,831,874.9638,0.0,0.0,False
GTGAGTTTCGAGATGG-1-H0035_RA,943,903.994,0.0,0.0,False
GTGCACGTCGATTGGT-1-H0035_RA,2432,999.85364,0.0,0.0,False
GTGCGTGAGACGTCCC-1-H0035_RA,3622,1312.6588,0.0,0.0,False
GTGCGTGCACACCGCA-1-H0035_RA,572,807.4462,0.0,0.0,False
GTGCGTGCATGTTTGG-1-H0035_RA,905,968.7837,0.0,0.0,False
GTGCGTGTCACTACGA-1-H0035_RA,2578,1213.175,0.0,0.0,False
GTGCTGGAGCGTGTCC-1-H0035_RA,1587,1165.726,0.0,0.0,False
GTGCTGGAGTTCCGGC-1-H0035_RA,2104,1138.7892,0.0,0.0,False
GTGGAAGAGTATGAGT-1-H0035_RA,2707,1266.5079,0.0,0.0,False
GTGGCGTCAATAGGGC-1-H0035_RA,1395,1008.372,0.0,0.0,False
GTGGCGTCACATGTTG-1-H0035_RA,1660,1166.9099,0.0,0.0,False
GTGGCGTGTCGATTAC-1-H0035_RA,1645,1151.8798,0.0,0.0,False
GTGGCGTTCAAGAGTA-1-H0035_RA,1010,894.1611,0.0,0.0,False
GTGGGAACAGCAGTGA-1-H0035_RA,1445,1092.9546,0.0,0.0,False
GTGGGAAGTACTCGAT-1-H0035_RA,1218,1046.4633,0.0,0.0,False
GTGGTTAAGCCAAGTG-1-H0035_RA,880,948.6075,0.0,0.0,False
GTGGTTATCTTGGTCC-1-H0035_RA,1040,1018.2293,0.0,0.0,False
GTGTAACAGCTCGTGC-1-H0035_RA,610,824.54065,0.0,0.0,False
GTGTAACCAATACGAA-1-H0035_RA,4704,1384.3318,0.0,0.0,False
GTGTCCTCAAATAGCA-1-H0035_RA,2570,1287.1097,0.0,0.0,False
GTGTCCTGTAGAGATT-1-H0035_RA,707,865.4466,0.0,0.0,False
GTGTCCTTCTCCCATG-1-H0035_RA,1288,1031.9257,0.0,0.0,False
GTGTGGCGTATCGCGC-1-H0035_RA,760,901.3839,0.0,0.0,False
GTGTGGCGTTTCACAG-1-H0035_RA,1474,1062.2072,0.0,0.0,False
GTGTTAGAGGTCATAA-1-H0035_RA,1156,1066.0222,0.0,0.0,False
GTGTTCCAGGTTAAAC-1-H0035_RA,1126,1052.0419,0.0,0.0,False
GTGTTCCGTGACCGTC-1-H0035_RA,1389,1113.2097,0.0,0.0,False
GTTACGAAGAGCCATG-1-H0035_RA,733,875.79626,0.0,0.0,False
GTTACGATCACTGTCC-1-H0035_RA,1209,1060.6816,0.0,0.0,False
GTTAGACCAAATGATG-1-H0035_RA,1236,1073.4098,0.0,0.0,False
GTTAGACCATGAGATA-1-H0035_RA,1190,1057.5969,0.0,0.0,False
GTTATGGAGGGCGAAG-1-H0035_RA,975,980.79425,0.0,0.0,False
GTTATGGCAGGTGACA-1-H0035_RA,842,934.81793,0.0,0.0,False
GTTATGGGTCATTCCC-1-H0035_RA,1335,1092.5789,0.0,0.0,False
GTTCATTCACCAGCTG-1-H0035_RA,631,824.60504,0.0,0.0,False
GTTCATTGTGTGGTCC-1-H0035_RA,908,952.96027,0.0,0.0,False
GTTCATTTCGATGGAG-1-H0035_RA,391,650.1167,0.0,0.0,False
GTTCCGTCATCACCAA-1-H0035_RA,734,848.06537,0.0,0.0,False
GTTCCGTGTCCTGTTC-1-H0035_RA,719,885.07935,0.0,0.0,False
GTTCCGTGTCTTGTCC-1-H0035_RA,2586,1097.571,0.0,0.0,False
GTTCGCTAGTTCAACC-1-H0035_RA,2487,1249.4272,0.0,0.0,False
GTTCGCTGTCTTTCAT-1-H0035_RA,1582,1116.1641,0.0,0.0,False
GTTCGCTGTTTGACAC-1-H0035_RA,1109,1049.2988,0.0,0.0,False
GTTCGCTTCCCTTGTG-1-H0035_RA,1485,1131.0638,0.0,0.0,False
GTTCGCTTCGGTAACT-1-H0035_RA,1782,1075.072,0.0,0.0,False
GTTCTATAGGTCGTCC-1-H0035_RA,2561,1182.4803,0.0,0.0,False
GTTCTATGTTCCATTT-1-H0035_RA,2723,1247.9016,0.0,0.0,False
GTTGCGGCAGCACAAG-1-H0035_RA,688,844.5388,0.0,0.0,False
GTTGCTCAGCGTCAAG-1-H0035_RA,1275,1018.75543,0.0,0.0,False
GTTGCTCGTTCTCACC-1-H0035_RA,1003,920.5133,0.0,0.0,False
GTTGTAGGTCTACAGT-1-H0035_RA,2665,1171.0015,0.0,0.0,False
GTTGTCCCAATAACGA-1-H0035_RA,2904,1164.697,0.0,0.0,False
GTTGTCCCATTGAAAG-1-H0035_RA,2990,1200.7637,0.0,0.0,False
GTTGTGAAGTAAACGT-1-H0035_RA,1615,1112.2789,0.0,0.0,False
GTTGTGACAGTCTTCC-1-H0035_RA,1043,1000.95044,0.0,0.0,False
GTTGTGAGTCTTTCTA-1-H0035_RA,821,901.5212,0.0,0.0,False
GTTTACTAGCGTTGTT-1-H0035_RA,3277,1345.6562,0.0,0.0,False
GTTTGGAAGCTAGCCC-1-H0035_RA,3448,1286.8154,0.0,0.0,False
TAACACGCAACACGTT-1-H0035_RA,711,887.02924,0.0,0.0,False
TAACCAGAGAGTCCGA-1-H0035_RA,1006,954.0348,0.0,0.0,False
TAACCAGGTACAGAAT-1-H0035_RA,1786,1157.8601,0.0,0.0,False
TAACCAGTCAAGTCGT-1-H0035_RA,2006,1092.3597,0.0,0.0,False
TAACGACTCATGCCGG-1-H0035_RA,2857,1286.6631,0.0,0.0,False
TAACGACTCTTGATTC-1-H0035_RA,862,941.9382,0.0,0.0,False
TAACTTCAGTTGCGCC-1-H0035_RA,985,983.0485,0.0,0.0,False
TAAGCACCATCCCGTT-1-H0035_RA,3889,1148.3949,0.0,0.0,False
TAAGCACGTGTGTCGC-1-H0035_RA,1414,1087.4087,0.0,0.0,False
TAAGCGTAGCTAGAGC-1-H0035_RA,2674,1227.5884,0.0,0.0,False
TAAGCGTGTCCTTGTC-1-H0035_RA,2111,1226.4188,0.0,0.0,False
TAAGTCGCACATCATG-1-H0035_RA,890,919.6313,0.0,0.0,False
TAATCTCGTCTTTCAT-1-H0035_RA,1731,1154.0236,0.0,0.0,False
TAATTCCCATCGCTAA-1-H0035_RA,3152,1309.0796,0.0,0.0,False
TACAACGAGAGAGCGG-1-H0035_RA,1380,1084.8698,0.0,0.0,False
TACAACGAGTAATACG-1-H0035_RA,1179,1033.5161,0.0,0.0,False
TACAACGAGTTAACAG-1-H0035_RA,1566,1081.9827,0.0,0.0,False
TACACCCGTTGCTCGG-1-H0035_RA,1266,1098.4879,0.0,0.0,False
TACACCCTCCCAGGCA-1-H0035_RA,1683,1174.9208,0.0,0.0,False
TACATTCCAAAGGCTG-1-H0035_RA,2021,1171.7175,0.0,0.0,False
TACATTCCATCCGGTG-1-H0035_RA,1140,1005.97046,0.0,0.0,False
TACCCACAGGTGTGAC-1-H0035_RA,954,867.46454,0.0,0.0,False
TACCCACTCGCTGCGA-1-H0035_RA,633,782.26556,0.0,0.0,False
TACCCGTTCAAGGAGC-1-H0035_RA,2474,1109.8154,0.0,0.0,False
TACCGAACAGAAGTTA-1-H0035_RA,1230,1075.203,0.0,0.0,False
TACGCTCCACTGATTG-1-H0035_RA,3085,1273.5154,0.0,0.0,False
TACGCTCCAGTCAGTT-1-H0035_RA,2009,1044.1238,0.0,0.0,False
TACGGGCGTACTCGAT-1-H0035_RA,1214,1071.5387,0.0,0.0,False
TACGGGCGTCATCCCT-1-H0035_RA,2277,1112.5155,0.0,0.0,False
TACGGGCTCGACACTA-1-H0035_RA,4323,1284.627,0.0,0.0,False
TACGGTAAGCGAGTCA-1-H0035_RA,2588,1193.0138,0.0,0.0,False
TACGGTAAGCGGGTAT-1-H0035_RA,1239,1027.9935,0.0,0.0,False
TACGGTACAAGAGAGA-1-H0035_RA,3733,1293.834,0.0,0.0,False
TACGTCCCACCTGTCT-1-H0035_RA,1119,1008.5718,0.0,0.0,False
TACTTCAAGCATTGTC-1-H0035_RA,325,575.82263,0.0,0.0,False
TACTTCATCACATCAG-1-H0035_RA,867,961.43677,0.0,0.0,False
TAGACCAGTTCGGTAT-1-H0035_RA,5126,1376.2186,0.0,0.0,False
TAGACTGCACCCTGAG-1-H0035_RA,2482,1214.7595,0.0,0.0,False
TAGACTGGTTCAATCG-1-H0035_RA,1206,1000.377,0.0,0.0,False
TAGACTGTCATAGACC-1-H0035_RA,1107,1041.2505,0.0,0.0,False
TAGAGTCAGGGTCTTT-1-H0035_RA,1285,1041.3289,0.0,0.0,False
TAGAGTCAGTCTGCAT-1-H0035_RA,1065,993.5247,0.0,0.0,False
TAGAGTCCAATCGAAA-1-H0035_RA,1462,1038.6934,0.0,0.0,False
TAGAGTCCAGACTCTA-1-H0035_RA,464,739.1226,0.0,0.0,False
TAGATCGTCCATTGCC-1-H0035_RA,989,991.66437,0.0,0.0,False
TAGCACATCGTCAACA-1-H0035_RA,1962,1163.9962,0.0,0.0,False
TAGGAGGTCACGATAC-1-H0035_RA,1904,1096.2303,0.0,0.0,False
TAGGTACGTTGAAGTA-1-H0035_RA,1242,1055.9427,0.0,0.0,False
TAGGTACTCCCAAGTA-1-H0035_RA,1202,1002.0793,0.0,0.0,False
TAGTGCAAGGAAGAAC-1-H0035_RA,597,812.6519,0.0,0.0,False
TAGTGCACAGGGAGAG-1-H0035_RA,2441,1229.3145,0.0,0.0,False
TATACCTAGACCCGCT-1-H0035_RA,1662,1106.0697,0.0,0.0,False
TATACCTGTCCGTTTC-1-H0035_RA,1172,1014.2402,0.0,0.0,False
TATATCCGTGTTACTG-1-H0035_RA,3760,1169.9062,0.0,0.0,False
TATCAGGTCTGGTTGA-1-H0035_RA,1267,1064.0505,0.0,0.0,False
TATCCTACACGTCGGT-1-H0035_RA,754,855.8667,0.0,0.0,False
TATCCTACATATGAAG-1-H0035_RA,880,942.124,0.0,0.0,False
TATCCTATCGATACTG-1-H0035_RA,1279,1033.3168,0.0,0.0,False
TATCGCCAGACTGAGC-1-H0035_RA,845,960.00476,0.0,0.0,False
TATCGCCCAACTCGTA-1-H0035_RA,466,712.40424,0.0,0.0,False
TATCTGTAGGTCCAGA-1-H0035_RA,642,826.0163,0.0,0.0,False
TATCTGTTCCATAAGC-1-H0035_RA,1595,1155.0967,0.0,0.0,False
TATCTTGAGGTGCCAA-1-H0035_RA,964,1000.43536,0.0,0.0,False
TATCTTGAGTCAGGGT-1-H0035_RA,566,774.6894,0.0,0.0,False
TATCTTGTCCGTGTAA-1-H0035_RA,1292,1030.6156,0.0,0.0,False
TATTCCAAGGCGAACT-1-H0035_RA,2852,1268.7716,0.0,0.0,False
TATTCCACAAACCATC-1-H0035_RA,2484,1224.128,0.0,0.0,False
TATTCCATCGCCTCTA-1-H0035_RA,1136,1028.2195,0.0,0.0,False
TATTGCTTCAAACTGC-1-H0035_RA,1234,1053.6432,0.0,0.0,False
TATTGCTTCGAGAATA-1-H0035_RA,1804,1186.4469,0.0,0.0,False
TATTGCTTCGTGAGAG-1-H0035_RA,3424,1296.96,0.0,0.0,False
TATTGGGCAACTCGAT-1-H0035_RA,5075,1370.5421,0.0,0.0,False
TATTTCGCAGCGATTT-1-H0035_RA,2065,1174.7415,0.0,0.0,False
TATTTCGGTTTCACAG-1-H0035_RA,2323,1154.6572,0.0,0.0,False
TCAAGACGTCGCCTAG-1-H0035_RA,5412,1335.7737,0.0,0.0,False
TCAAGTGGTCATAACC-1-H0035_RA,838,940.23584,0.0,0.0,False
TCAAGTGGTCATGGCC-1-H0035_RA,918,986.31714,0.0,0.0,False
TCAAGTGTCGCCAACG-1-H0035_RA,1029,988.5977,0.0,0.0,False
TCAATTCCAGCTGTTA-1-H0035_RA,3290,1249.1389,0.0,0.0,False
TCAATTCGTAGTCCTA-1-H0035_RA,2874,1235.1161,0.0,0.0,False
TCACAAGAGGGTTGCA-1-H0035_RA,566,810.44556,0.0,0.0,False
TCACAAGCAACACACT-1-H0035_RA,2506,1163.0455,0.0,0.0,False
TCACAAGCACGGATCC-1-H0035_RA,2087,1190.9714,0.0,0.0,False
TCACAAGTCGCAGTCG-1-H0035_RA,367,612.4676,0.0,0.0,False
TCACACCGTACCCACG-1-H0035_RA,626,819.9347,0.0,0.0,False
TCACGCTGTAGCTAAA-1-H0035_RA,644,841.74756,0.0,0.0,False
TCACGCTGTCCACACG-1-H0035_RA,1858,1063.879,0.0,0.0,False
TCACGCTTCAGCTGAT-1-H0035_RA,689,832.892,0.0,0.0,False
TCACGCTTCATCCTGC-1-H0035_RA,414,653.27985,0.0,0.0,False
TCACGGGGTACGACTT-1-H0035_RA,2060,1155.6924,0.0,0.0,False
TCACTATAGGCAATGC-1-H0035_RA,2396,1263.0822,0.0,0.0,False
TCAGCAAAGTGATAAC-1-H0035_RA,1941,1122.8965,0.0,0.0,False
TCAGCAACACTCCCTA-1-H0035_RA,1287,1084.0718,0.0,0.0,False
TCAGCAATCCGATCGG-1-H0035_RA,2426,1114.0591,0.0,0.0,False
TCAGCCTCACAGTCGC-1-H0035_RA,665,793.1646,0.0,0.0,False
TCAGCCTGTGGGATTG-1-H0035_RA,413,682.1282,0.0,0.0,False
TCAGCCTTCAGCAGAG-1-H0035_RA,525,770.5782,0.0,0.0,False
TCAGCCTTCTTGTTAC-1-H0035_RA,1873,1143.6877,0.0,0.0,False
TCAGGGCGTAGTCTGT-1-H0035_RA,1355,1060.4344,0.0,0.0,False
TCAGGTAAGCCAGACA-1-H0035_RA,3049,1091.6971,0.0,0.0,False
TCAGGTATCCTACACC-1-H0035_RA,4651,1390.962,0.0,0.0,False
TCAGTGATCCGCGAGT-1-H0035_RA,1910,1179.7417,0.0,0.0,False
TCATCATCAGAGTTCT-1-H0035_RA,1973,1242.1359,0.0,0.0,False
TCATCATTCTCGTCGT-1-H0035_RA,2355,1148.4309,0.0,0.0,False
TCATCCGTCAGCCTCT-1-H0035_RA,2545,1307.7263,0.0,0.0,False
TCATCCGTCTTTCCGG-1-H0035_RA,665,753.45496,0.0,0.0,False
TCATGAGGTAGGGAGG-1-H0035_RA,939,988.5866,0.0,0.0,False
TCATGAGTCAGCGCAC-1-H0035_RA,1399,1062.2131,0.0,0.0,False
TCATGAGTCCAGTACA-1-H0035_RA,1865,1027.6083,0.0,0.0,False
TCATGCCCAGCATCTA-1-H0035_RA,721,892.0427,0.0,0.0,False
TCATGGACACAGTCGC-1-H0035_RA,530,735.70404,0.0,0.0,False
TCATGGAGTGTATTGC-1-H0035_RA,1612,1167.3982,0.0,0.0,False
TCATTACAGTGTTGAA-1-H0035_RA,3115,1260.527,0.0,0.0,False
TCATTACGTACGCTTA-1-H0035_RA,1031,976.6601,0.0,0.0,False
TCATTACGTCGATGCC-1-H0035_RA,2001,1103.9022,0.0,0.0,False
TCATTCAAGGACAGTC-1-H0035_RA,1268,1094.5574,0.0,0.0,False
TCATTCACACTAACCA-1-H0035_RA,1242,1038.4979,0.0,0.0,False
TCATTCACATGCAGGA-1-H0035_RA,1740,1142.3718,0.0,0.0,False
TCATTCAGTGCATACT-1-H0035_RA,3313,1290.7776,0.0,0.0,False
TCATTCATCTCTGAGA-1-H0035_RA,1352,1039.2649,0.0,0.0,False
TCATTGTAGCGCCTTG-1-H0035_RA,725,866.034,0.0,0.0,False
TCATTTGAGCATATGA-1-H0035_RA,863,927.8448,0.0,0.0,False
TCCACCATCTAGTTCT-1-H0035_RA,4265,1288.3171,0.0,0.0,False
TCCAGAAAGTTGGACG-1-H0035_RA,1387,1150.8444,0.0,0.0,False
TCCAGAAGTTGCACGC-1-H0035_RA,465,725.4369,0.0,0.0,False
TCCAGAATCCTACCGT-1-H0035_RA,1593,1114.4255,0.0,0.0,False
TCCATCGGTATCACGT-1-H0035_RA,947,994.5548,0.0,0.0,False
TCCATCGTCTCCAAGA-1-H0035_RA,1206,1019.0549,0.0,0.0,False
TCCATGCAGAATAGTC-1-H0035_RA,2185,1215.8888,0.0,0.0,False
TCCATGCAGGACAACC-1-H0035_RA,2360,1175.5673,0.0,0.0,False
TCCATGCCACCAAATC-1-H0035_RA,964,938.41626,0.0,0.0,False
TCCATGCTCGCTTGAA-1-H0035_RA,2531,1226.2593,0.0,0.0,False
TCCATGCTCTCCGCAT-1-H0035_RA,574,797.902,0.0,0.0,False
TCCCACAAGCTAATGA-1-H0035_RA,1270,1089.3387,0.0,0.0,False
TCCCACAAGTGTGTTC-1-H0035_RA,511,753.62805,0.0,0.0,False
TCCCACACAAAGCGTG-1-H0035_RA,1262,1006.3996,0.0,0.0,False
TCCCAGTGTTGACGGA-1-H0035_RA,1258,971.94385,0.0,0.0,False
TCCCATGAGTAACGAT-1-H0035_RA,1699,1008.2346,0.0,0.0,False
TCCCATGGTAAGATCA-1-H0035_RA,2378,1135.5369,0.0,0.0,False
TCCGAAAAGGAACGCT-1-H0035_RA,4003,1080.3309,0.0,0.0,False
TCCGAAATCGAGAGCA-1-H0035_RA,582,816.32324,0.0,0.0,False
TCCGATCTCTCCCAAC-1-H0035_RA,866,959.24207,0.0,0.0,False
TCCGGGACAGACACAG-1-H0035_RA,1131,1012.2437,0.0,0.0,False
TCCTAATTCTCCCAAC-1-H0035_RA,642,814.38086,0.0,0.0,False
TCCTCCCAGGTGCAGT-1-H0035_RA,1402,1099.1708,0.0,0.0,False
TCCTCCCAGGTTACAA-1-H0035_RA,1718,1165.7516,0.0,0.0,False
TCCTCCCTCGCTGCGA-1-H0035_RA,2769,1208.942,0.0,0.0,False
TCCTCGATCACCGACG-1-H0035_RA,1172,1011.5704,0.0,0.0,False
TCCTCTTTCGGAAACG-1-H0035_RA,1538,1147.4307,0.0,0.0,False
TCCTGCACAAGATGGC-1-H0035_RA,4214,1352.9497,0.0,0.0,False
TCCTTTCTCTGATGGT-1-H0035_RA,1201,946.99567,0.0,0.0,False
TCCTTTCTCTTGCGCT-1-H0035_RA,780,925.3649,0.0,0.0,False
TCGAAGTGTAACAGGC-1-H0035_RA,884,919.0098,0.0,0.0,False
TCGACCTAGAAACCAT-1-H0035_RA,3886,1207.0282,0.0,0.0,False
TCGACCTCAGTTAGGG-1-H0035_RA,1026,1021.4537,0.0,0.0,False
TCGACGGAGGGACCAT-1-H0035_RA,609,819.38934,0.0,0.0,False
TCGACGGAGTATTCCG-1-H0035_RA,1666,1170.2823,0.0,0.0,False
TCGATTTAGCGACTGA-1-H0035_RA,1838,1204.7803,0.0,0.0,False
TCGATTTAGTATAACG-1-H0035_RA,781,911.22955,0.0,0.0,False
TCGATTTCAATGAAAC-1-H0035_RA,1190,1048.8679,0.0,0.0,False
TCGATTTGTCTGTCCT-1-H0035_RA,1258,934.79846,0.0,0.0,False
TCGATTTTCATTGCGA-1-H0035_RA,2834,1281.4695,0.0,0.0,False
TCGCACTCACTTCATT-1-H0035_RA,1747,1148.6587,0.0,0.0,False
TCGCACTGTTCTCGCT-1-H0035_RA,613,837.1083,0.0,0.0,False
TCGCAGGAGAGTCACG-1-H0035_RA,3485,1122.9557,0.0,0.0,False
TCGCAGGCAAGTCATC-1-H0035_RA,1310,1063.9884,0.0,0.0,False
TCGCAGGTCTTGGTCC-1-H0035_RA,983,933.90875,0.0,0.0,False
TCGCTCAGTCTTCCGT-1-H0035_RA,2157,1226.2822,0.0,0.0,False
TCGCTTGAGCATTGTC-1-H0035_RA,632,806.7933,0.0,0.0,False
TCGCTTGTCCGACAGC-1-H0035_RA,2096,1088.9669,0.0,0.0,False
TCGGGACAGTCATCGT-1-H0035_RA,1108,1036.6932,0.0,0.0,False
TCGGGCAAGTTTGTCG-1-H0035_RA,2059,1209.0178,0.0,0.0,False
TCGGGTGGTAGTTAGA-1-H0035_RA,695,872.90704,0.0,0.0,False
TCGGGTGGTGGAACCA-1-H0035_RA,657,783.5302,0.0,0.0,False
TCGGGTGTCATCACAG-1-H0035_RA,1489,1103.8798,0.0,0.0,False
TCGGGTGTCCCATTCG-1-H0035_RA,663,848.9052,0.0,0.0,False
TCGGTCTAGTTGAATG-1-H0035_RA,1845,1160.9252,0.0,0.0,False
TCGGTCTGTGCAAGAC-1-H0035_RA,2221,1194.879,0.0,0.0,False
TCGGTCTTCGGCGATC-1-H0035_RA,823,910.6684,0.0,0.0,False
TCGTCCAAGCTAAACA-1-H0035_RA,1125,1029.3745,0.0,0.0,False
TCGTGGGAGTAACAGT-1-H0035_RA,461,732.3925,0.0,0.0,False
TCGTGGGCACAAAGTA-1-H0035_RA,654,854.1387,0.0,0.0,False
TCGTGGGTCGACATTG-1-H0035_RA,488,736.43994,0.0,0.0,False
TCTAACTGTACTTGTG-1-H0035_RA,961,993.4886,0.0,0.0,False
TCTAACTGTTGCTAGT-1-H0035_RA,1729,1165.1869,0.0,0.0,False
TCTACCGGTCAGGCAA-1-H0035_RA,3464,1273.437,0.0,0.0,False
TCTATACCATCCTTCG-1-H0035_RA,1009,984.77844,0.0,0.0,False
TCTATACGTAAGTAGT-1-H0035_RA,1431,1008.14716,0.0,0.0,False
TCTATCAAGAGAGTTT-1-H0035_RA,2495,1225.583,0.0,0.0,False
TCTATCACACTACCCT-1-H0035_RA,2124,1150.3436,0.0,0.0,False
TCTATCATCCACTGAA-1-H0035_RA,460,739.0043,0.0,0.0,False
TCTCACGGTTGCATAC-1-H0035_RA,3824,1194.6349,0.0,0.0,False
TCTCACGGTTTCCATT-1-H0035_RA,719,900.13104,0.0,0.0,False
TCTCACGTCGATCCCT-1-H0035_RA,2587,1345.9961,0.0,0.0,False
TCTCAGCCAGCTACCG-1-H0035_RA,1627,1113.9426,0.0,0.0,False
TCTCAGCGTTCCACGG-1-H0035_RA,455,713.7089,0.0,0.0,False
TCTCCGACAGTTTCAG-1-H0035_RA,614,825.534,0.0,0.0,False
TCTCCGAGTAGCTGAG-1-H0035_RA,653,854.2844,0.0,0.0,False
TCTCTGGCACGCCACA-1-H0035_RA,1817,1157.2855,0.0,0.0,False
TCTCTGGCAGGGATAC-1-H0035_RA,1576,1091.7135,0.0,0.0,False
TCTGCCACATCCTATT-1-H0035_RA,1417,1091.4883,0.0,0.0,False
TCTGCCAGTGTCTTAG-1-H0035_RA,943,986.98285,0.0,0.0,False
TCTGGCTGTGAATGAT-1-H0035_RA,2825,1212.969,0.0,0.0,False
TCTGTCGGTGCTCGTG-1-H0035_RA,1140,1065.9631,0.0,0.0,False
TCTTAGTCAACGGCTC-1-H0035_RA,2463,1244.4286,0.0,0.0,False
TCTTAGTCAGCTTCGG-1-H0035_RA,1707,1144.1946,0.0,0.0,False
TCTTAGTTCTGAGGCC-1-H0035_RA,3556,1198.9266,0.0,0.0,False
TCTTTGAGTGGCTTAT-1-H0035_RA,2600,1167.717,0.0,0.0,False
TGAACGTAGGGTTGCA-1-H0035_RA,667,876.7047,0.0,0.0,False
TGAATCGAGTCATCGT-1-H0035_RA,2172,1194.3207,0.0,0.0,False
TGAATCGCATCCGAGC-1-H0035_RA,1260,985.36145,0.0,0.0,False
TGAATCGGTAGCGCCT-1-H0035_RA,1260,1105.3691,0.0,0.0,False
TGAATCGGTCTGTGCG-1-H0035_RA,819,915.47833,0.0,0.0,False
TGAATGCCAAGGCCTC-1-H0035_RA,1745,1020.15204,0.0,0.0,False
TGACAGTAGCTTAAGA-1-H0035_RA,4416,1316.8145,0.0,0.0,False
TGACAGTGTATAGGGC-1-H0035_RA,2132,1214.8514,0.0,0.0,False
TGACAGTTCTGAATGC-1-H0035_RA,1829,1233.1589,0.0,0.0,False
TGACCCTCACTCAAGT-1-H0035_RA,2724,1168.7876,0.0,0.0,False
TGACCCTCATAGATGA-1-H0035_RA,499,748.95685,0.0,0.0,False
TGACGCGGTGTGTTTG-1-H0035_RA,2209,1190.3525,0.0,0.0,False
TGACGCGTCAAGCCAT-1-H0035_RA,2686,1203.7046,0.0,0.0,False
TGACTCCCATCGTGCG-1-H0035_RA,1172,1015.91736,0.0,0.0,False
TGACTCCTCCCGAGTG-1-H0035_RA,1927,1184.1443,0.0,0.0,False
TGAGCATAGTCCCGGT-1-H0035_RA,1479,1170.9836,0.0,0.0,False
TGAGCATCAACACAAA-1-H0035_RA,2105,1073.8511,0.0,0.0,False
TGAGCATTCGAGAGCA-1-H0035_RA,1404,1111.2244,0.0,0.0,False
TGAGCGCCAGCGTACC-1-H0035_RA,953,976.2147,0.0,0.0,False
TGAGGAGCATCGGATT-1-H0035_RA,1454,1099.6687,0.0,0.0,False
TGATCAGGTGTGTGTT-1-H0035_RA,3802,1391.1086,0.0,0.0,False
TGATCAGTCACGAACT-1-H0035_RA,4103,1227.6772,0.0,0.0,False
TGATCTTCACCAAAGG-1-H0035_RA,1029,1008.89294,0.0,0.0,False
TGATCTTTCGGTTGTA-1-H0035_RA,468,740.1852,0.0,0.0,False
TGATCTTTCTCGCTCA-1-H0035_RA,3372,1262.2892,0.0,0.0,False
TGATGGTTCTACGGTA-1-H0035_RA,1749,932.5006,0.0,0.0,False
TGATGGTTCTCGGCTT-1-H0035_RA,478,693.109,0.0,0.0,False
TGATTCTAGGCCTGAA-1-H0035_RA,2065,1143.3301,0.0,0.0,False
TGATTTCAGACATAGT-1-H0035_RA,846,940.8871,0.0,0.0,False
TGATTTCGTTGCCGCA-1-H0035_RA,529,744.9705,0.0,0.0,False
TGCACGGAGGTCTTTG-1-H0035_RA,804,908.70135,0.0,0.0,False
TGCAGGCAGAGGGCGA-1-H0035_RA,784,906.48114,0.0,0.0,False
TGCAGGCAGTCTGCAT-1-H0035_RA,2949,1293.7993,0.0,0.0,False
TGCAGTAGTAACGTTC-1-H0035_RA,1376,1046.6693,0.0,0.0,False
TGCAGTAGTATACGGG-1-H0035_RA,2869,1128.0894,0.0,0.0,False
TGCAGTAGTTAGCTAC-1-H0035_RA,1319,1061.5376,0.0,0.0,False
TGCATCCAGCGCTGAA-1-H0035_RA,1406,1093.9663,0.0,0.0,False
TGCATCCTCGAACTCA-1-H0035_RA,664,838.4003,0.0,0.0,False
TGCCGAGAGACATCAA-1-H0035_RA,746,890.1866,0.0,0.0,False
TGCCGAGCAGTGTGGA-1-H0035_RA,853,921.0232,0.0,0.0,False
TGCGACGAGGTCATCT-1-H0035_RA,1075,1023.791,0.0,0.0,False
TGCGATAAGTGCCGAA-1-H0035_RA,1879,1196.9578,0.0,0.0,False
TGCGGCAAGTCACAGG-1-H0035_RA,1431,1067.5143,0.0,0.0,False
TGCGGGTAGGTCACAG-1-H0035_RA,1157,982.08624,0.0,0.0,False
TGCTCCAAGTAAACTG-1-H0035_RA,1416,963.10834,0.0,0.0,False
TGCTCCACACCCTAAA-1-H0035_RA,1039,1008.0351,0.0,0.0,False
TGCTCCAGTCGTGATT-1-H0035_RA,994,975.19855,0.0,0.0,False
TGCTCGTAGTTTAGGA-1-H0035_RA,653,857.1526,0.0,0.0,False
TGCTCGTCAACAAAGT-1-H0035_RA,2175,1137.6683,0.0,0.0,False
TGCTCGTCATCCGCGA-1-H0035_RA,1120,895.28326,0.0,0.0,False
TGCTTCGAGTGGATTA-1-H0035_RA,1577,1092.7451,0.0,0.0,False
TGGAGGACAGCACACC-1-H0035_RA,3356,1191.7566,0.0,0.0,False
TGGAGGACATGTGCTA-1-H0035_RA,5601,1373.2897,0.0,0.0,False
TGGAGGAGTATGAGGC-1-H0035_RA,1581,1135.0492,0.0,0.0,False
TGGAGGAGTATGTCTG-1-H0035_RA,1382,1101.9138,0.0,0.0,False
TGGATCAAGGAGGTTC-1-H0035_RA,1912,1085.947,0.0,0.0,False
TGGATCACACGTGTGC-1-H0035_RA,1563,1083.2869,0.0,0.0,False
TGGATGTAGGTTACAA-1-H0035_RA,641,857.3745,0.0,0.0,False
TGGATGTGTATGATCC-1-H0035_RA,591,829.27405,0.0,0.0,False
TGGCGTGCACATTCTT-1-H0035_RA,849,949.0704,0.0,0.0,False
TGGCGTGGTGGCAACA-1-H0035_RA,1559,1072.9781,0.0,0.0,False
TGGCGTGTCGCAATTG-1-H0035_RA,2209,1232.2064,0.0,0.0,False
TGGGAAGGTCACTGAT-1-H0035_RA,1115,1057.4977,0.0,0.0,False
TGGGAGACAATACGAA-1-H0035_RA,665,872.6811,0.0,0.0,False
TGGGAGACACATCATG-1-H0035_RA,2154,1217.7882,0.0,0.0,False
TGGGAGACATCTATCT-1-H0035_RA,832,937.21844,0.0,0.0,False
TGGGAGACATGGATCT-1-H0035_RA,609,836.6188,0.0,0.0,False
TGGGAGAGTAGGTCAG-1-H0035_RA,3292,1297.5664,0.0,0.0,False
TGGGAGATCCTCTAAT-1-H0035_RA,2645,1280.0812,0.0,0.0,False
TGGGATTAGGGTGAAA-1-H0035_RA,1368,1127.295,0.0,0.0,False
TGGGCGTAGCCACCGT-1-H0035_RA,524,764.61304,0.0,0.0,False
TGGGCGTCATGGGAAC-1-H0035_RA,446,724.1937,0.0,0.0,False
TGGGCGTGTACGAGCA-1-H0035_RA,1504,1171.4799,0.0,0.0,False
TGGGCTGTCAGTCTTT-1-H0035_RA,903,887.56555,0.0,0.0,False
TGGGTTATCGGCTGAC-1-H0035_RA,799,943.7379,0.0,0.0,False
TGGTACAAGACCAGCA-1-H0035_RA,1788,1151.0442,0.0,0.0,False
TGGTACATCCATACAG-1-H0035_RA,1579,1041.3989,0.0,0.0,False
TGGTAGTCACCACATA-1-H0035_RA,1430,1055.4623,0.0,0.0,False
TGGTAGTTCGTGCATA-1-H0035_RA,1448,962.8333,0.0,0.0,False
TGGTGATTCTCGCGTT-1-H0035_RA,3052,999.2751,0.0,0.0,False
TGTAACGGTGGTTCTA-1-H0035_RA,897,935.61334,0.0,0.0,False
TGTAACGTCGGCCTTT-1-H0035_RA,919,926.9412,0.0,0.0,False
TGTAGACAGACGGAAA-1-H0035_RA,1781,1135.2986,0.0,0.0,False
TGTAGACCAGCCGGTT-1-H0035_RA,1078,1044.18,0.0,0.0,False
TGTAGACTCTGTTGGA-1-H0035_RA,4417,1213.9598,0.0,0.0,False
TGTCCACCAAATGAAC-1-H0035_RA,3960,1166.7888,0.0,0.0,False
TGTCCACTCACCTCAC-1-H0035_RA,2089,1163.2186,0.0,0.0,False
TGTCCACTCGAAGCAG-1-H0035_RA,1772,1142.624,0.0,0.0,False
TGTCCACTCGGCATTA-1-H0035_RA,965,967.85,0.0,0.0,False
TGTCCCACAAGCGATG-1-H0035_RA,2287,1237.566,0.0,0.0,False
TGTCCCAGTTACCCTC-1-H0035_RA,802,917.84186,0.0,0.0,False
TGTGATGAGTCATACC-1-H0035_RA,1556,1131.3376,0.0,0.0,False
TGTGATGCACGGATCC-1-H0035_RA,1998,1098.936,0.0,0.0,False
TGTGATGCACTGTTCC-1-H0035_RA,1004,998.2756,0.0,0.0,False
TGTGCGGGTTTCTTAC-1-H0035_RA,5296,1416.3218,0.0,0.0,False
TGTGGCGAGATAGCTA-1-H0035_RA,1976,1237.0461,0.0,0.0,False
TGTGGCGGTATCACGT-1-H0035_RA,1733,1172.8654,0.0,0.0,False
TGTTACTCACGTAGAG-1-H0035_RA,908,945.06665,0.0,0.0,False
TGTTACTGTACCTAAC-1-H0035_RA,475,724.96674,0.0,0.0,False
TGTTCATCATATACCG-1-H0035_RA,1432,1034.6461,0.0,0.0,False
TGTTCCGCAGCGCTTG-1-H0035_RA,778,914.9,0.0,0.0,False
TGTTCCGGTATACCCA-1-H0035_RA,956,940.9417,0.0,0.0,False
TGTTCCGTCCGATGTA-1-H0035_RA,706,897.7659,0.0,0.0,False
TGTTCCGTCTTTACAC-1-H0035_RA,2791,1159.2374,0.0,0.0,False
TGTTCTAAGGCGATAC-1-H0035_RA,2251,1136.9697,0.0,0.0,False
TGTTCTACATGATCTG-1-H0035_RA,798,920.62225,0.0,0.0,False
TGTTCTAGTCGAATGG-1-H0035_RA,675,860.67084,0.0,0.0,False
TGTTCTAGTTCAGGTT-1-H0035_RA,1612,1161.6655,0.0,0.0,False
TGTTTGTAGACTAGAT-1-H0035_RA,604,789.1759,0.0,0.0,False
TGTTTGTAGCTCGACC-1-H0035_RA,2629,1080.3163,0.0,0.0,False
TGTTTGTTCCCATAAG-1-H0035_RA,4116,1370.5028,0.0,0.0,False
TTAATCCCAATAGTAG-1-H0035_RA,4517,1305.5645,0.0,0.0,False
TTAATCCGTAGCTTGT-1-H0035_RA,4378,1262.1343,0.0,0.0,False
TTACAGGAGCGCACAA-1-H0035_RA,591,816.12445,0.0,0.0,False
TTACCATGTCCTCATC-1-H0035_RA,1355,984.8371,0.0,0.0,False
TTACCGCGTCCTATAG-1-H0035_RA,2147,1199.2937,0.0,0.0,False
TTACCGCTCTTCGGTC-1-H0035_RA,983,966.60406,0.0,0.0,False
TTACGCCAGGTAACTA-1-H0035_RA,3255,1104.6495,0.0,0.0,False
TTACGCCGTACGGTTT-1-H0035_RA,4750,1380.6603,0.0,0.0,False
TTAGGGTTCGACCATA-1-H0035_RA,927,975.4881,0.0,0.0,False
TTAGGGTTCTCCTGCA-1-H0035_RA,2083,1151.3466,0.0,0.0,False
TTAGTCTAGATGGGCT-1-H0035_RA,1728,1150.7671,0.0,0.0,False
TTAGTCTAGTGAGGCT-1-H0035_RA,645,866.54767,0.0,0.0,False
TTAGTCTCAAGGAGTC-1-H0035_RA,2519,1211.0792,0.0,0.0,False
TTATTGCAGCCGTAAG-1-H0035_RA,4830,1280.6426,0.0,0.0,False
TTATTGCTCGTAATGC-1-H0035_RA,2063,1133.3323,0.0,0.0,False
TTCAATCCAGAGGTTG-1-H0035_RA,685,873.8444,0.0,0.0,False
TTCACCGGTTCCTACC-1-H0035_RA,1486,1032.3358,0.0,0.0,False
TTCACGCAGTCTGTAC-1-H0035_RA,592,795.8631,0.0,0.0,False
TTCATGTAGAGAATCT-1-H0035_RA,1090,943.64636,0.0,0.0,False
TTCATTGAGCATGATA-1-H0035_RA,921,959.2654,0.0,0.0,False
TTCATTGAGTATGAGT-1-H0035_RA,1591,1139.4545,0.0,0.0,False
TTCATTGCACCCAACG-1-H0035_RA,2314,1181.5166,0.0,0.0,False
TTCATTGGTAGCTTAC-1-H0035_RA,2218,1193.1572,0.0,0.0,False
TTCCACGTCGTTCAGA-1-H0035_RA,1675,1217.6632,0.0,0.0,False
TTCCGTGCAAGAGGCT-1-H0035_RA,1790,1214.9613,0.0,0.0,False
TTCCTAACAATAGGGC-1-H0035_RA,1734,1119.6688,0.0,0.0,False
TTCCTAATCTCTGCTG-1-H0035_RA,660,850.57324,0.0,0.0,False
TTCCTCTAGACAGCTG-1-H0035_RA,1140,1037.8163,0.0,0.0,False
TTCCTCTAGTAACGAT-1-H0035_RA,753,862.0127,0.0,0.0,False
TTCCTTCCACTTGGCG-1-H0035_RA,455,710.6351,0.0,0.0,False
TTCCTTCGTTTCCAAG-1-H0035_RA,1316,905.5532,0.0,0.0,False
TTCTAACGTCTATGAC-1-H0035_RA,1195,1074.0236,0.0,0.0,False
TTCTAACTCTCTCAAT-1-H0035_RA,3186,1251.9044,0.0,0.0,False
TTCTAGTAGCACTCGC-1-H0035_RA,3158,1096.246,0.0,0.0,False
TTCTAGTTCACCCTCA-1-H0035_RA,1806,1107.2815,0.0,0.0,False
TTCTTGACACAAGTTC-1-H0035_RA,682,832.3256,0.0,0.0,False
TTCTTGACACGGATCC-1-H0035_RA,3845,1314.659,0.0,0.0,False
TTGAGTGCAACCCTCT-1-H0035_RA,674,842.98596,0.0,0.0,False
TTGAGTGTCAGCTAGT-1-H0035_RA,608,830.63025,0.0,0.0,False
TTGATGGGTTGGGTAG-1-H0035_RA,2991,1304.992,0.0,0.0,False
TTGCATTCAGAGTTCT-1-H0035_RA,2466,1018.1545,0.0,0.0,False
TTGCATTCAGATACCT-1-H0035_RA,2063,1167.1624,0.0,0.0,False
TTGCATTCATACAGAA-1-H0035_RA,3359,1258.9222,0.0,0.0,False
TTGCGTCAGCCTTTCC-1-H0035_RA,587,816.9012,0.0,0.0,False
TTGCGTCAGGTACTGG-1-H0035_RA,724,903.7726,0.0,0.0,False
TTGCGTCCAAGTACCT-1-H0035_RA,1346,1053.2379,0.0,0.0,False
TTGCGTCTCATTTGGG-1-H0035_RA,4916,1372.9976,0.0,0.0,False
TTGCTGCAGCCTGAGA-1-H0035_RA,863,946.5917,0.0,0.0,False
TTGCTGCCAATGGCAG-1-H0035_RA,2060,1191.4507,0.0,0.0,False
TTGGATGCAAATGGAT-1-H0035_RA,883,986.53876,0.0,0.0,False
TTGGATGTCATTACGG-1-H0035_RA,943,978.0539,0.0,0.0,False
TTGGATGTCGAGAACG-1-H0035_RA,947,994.2543,0.0,0.0,False
TTGGGATAGCAGTCTT-1-H0035_RA,3389,1336.2078,0.0,0.0,False
TTGGGATAGTACCGGA-1-H0035_RA,4487,1276.4995,0.0,0.0,False
TTGGTTTCACAACGTT-1-H0035_RA,1279,1033.5472,0.0,0.0,False
TTGTGGAGTCAACCAT-1-H0035_RA,1366,1094.3827,0.0,0.0,False
TTGTTCACAAGAGGCT-1-H0035_RA,682,873.99207,0.0,0.0,False
TTGTTCACAGCAGGAT-1-H0035_RA,434,702.11554,0.0,0.0,False
TTGTTCAGTCGACTGC-1-H0035_RA,3271,1289.4531,0.0,0.0,False
TTGTTCATCAAATAGG-1-H0035_RA,1100,1043.5728,0.0,0.0,False
TTTACCACAACGGGTA-1-H0035_RA,482,734.18665,0.0,0.0,False
TTTACGTAGCCTGAGA-1-H0035_RA,1394,1089.8406,0.0,0.0,False
TTTACGTTCTGCTGAA-1-H0035_RA,1087,1019.0736,0.0,0.0,False
TTTACTGGTCGCGGTT-1-H0035_RA,642,796.8897,0.0,0.0,False
TTTACTGGTCTAGGTT-1-H0035_RA,1507,974.9801,0.0,0.0,False
TTTACTGGTGCCAAGA-1-H0035_RA,1307,1079.5338,0.0,0.0,False
TTTAGTCTCTTTGATC-1-H0035_RA,514,776.4432,0.0,0.0,False
TTTATGCAGGGTCAAC-1-H0035_RA,3245,1299.4125,0.0,0.0,False
TTTATGCAGTCAAGCG-1-H0035_RA,4988,1339.53,0.0,0.0,False
TTTATGCAGTCACTCA-1-H0035_RA,1089,1020.54944,0.0,0.0,False
TTTATGCTCACCTCGT-1-H0035_RA,943,991.6361,0.0,0.0,False
TTTCACACAGAGGGTT-1-H0035_RA,2487,1264.1371,0.0,0.0,False
TTTCACAGTGTCTAAC-1-H0035_RA,1468,1082.9272,0.0,0.0,False
TTTCAGTCAGCAGTTT-1-H0035_RA,1026,1034.5736,0.0,0.0,False
TTTCCTCGTGCCTGCA-1-H0035_RA,2146,1279.4838,0.0,0.0,False
TTTCGATAGCGTGAGT-1-H0035_RA,1025,951.6933,0.0,0.0,False
TTTGACTTCAGAATAG-1-H0035_RA,931,937.6301,0.0,0.0,False
TTTGATCAGCCTGAAG-1-H0035_RA,840,894.6024,0.0,0.0,False
TTTGATCAGTTCGGTT-1-H0035_RA,2069,1207.6722,0.0,0.0,False
TTTGGAGAGGGTGAGG-1-H0035_RA,446,679.8554,0.0,0.0,False
TTTGGTTAGAGCCGTA-1-H0035_RA,1429,1018.83655,0.0,0.0,False
TTTGGTTGTAGTTACC-1-H0035_RA,919,952.45435,0.0,0.0,False
TTTGTTGAGAGCTGAC-1-H0035_RA,1014,990.1879,0.0,0.0,False
TTTGTTGCAAATCAGA-1-H0035_RA,673,863.36676,0.0,0.0,False
TTTGTTGCAATGCTCA-1-H0035_RA,695,865.4669,0.0,0.0,False
