{
  "id": "HBM795.TFHS.265",
  "handler": "hubmap",
  "organ": "UBERON:0002106",
  "organ_source": "SP",
  "uuid": "046251c94ea0e79ee935dd3de57e093c",
  "assay_type": "salmon_rnaseq_10x",
  "dataset_id": "https://entity.api.hubmapconsortium.org/entities/046251c94ea0e79ee935dd3de57e093c",
  "dataset_link": "https://portal.hubmapconsortium.org/browse/dataset/046251c94ea0e79ee935dd3de57e093c",
  "dataset_technology": "OTHER",
  "dataset_info": "salmon_rnaseq_10x__5ba6a5b81e95c93c26a33980f6e957d7__salmon-rnaseq",
  "consortium_name": "HuBMAP",
  "provider_name": "University of Florida TMC",
  "provider_uuid": "07a29e4c-ed43-11e8-b56a-0e8017bdda58",
  "donor_id": "https://entity.api.hubmapconsortium.org/entities/1785aae4f0fb8f13a56d79957d1cbedf",
  "donor_age": 20,
  "donor_sex": "Male",
  "donor_bmi": 28.7,
  "donor_race": "White",
  "organ_id": "http://purl.obolibrary.org/obo/UBERON_0002106",
  "block_id": "https://entity.api.hubmapconsortium.org/entities/1affe632d9330b47001adcb6ea9564b3",
  "section_id": "https://entity.api.hubmapconsortium.org/entities/960f1766a95573bb5ccd5e45c81a7e1b",
  "rui_location": "",
  "dataset_cell_count": 13616,
  "dataset_gene_count": 60286
}