{
    "input_file": "/var/lib/cwl/stg16fc1ba5-1501-4e04-b22f-050cc11a4256/data.h5ad",
    "total_cells": 16047,
    "low_quality_cells": 1532,
    "percent_low_quality": 9.55,
    "mean_pct_counts_mt": 0.0,
    "mean_pct_counts_ribo": 0.0,
    "thresholds": {
        "min_genes": 200,
        "max_genes": 7500,
        "max_mt": 5.0,
        "min_ribo": null,
        "mt_prefix": "MT-",
        "ribo_prefixes": [
            "RPS",
            "RPL"
        ]
    },
    "files": {
        "qc_per_cell_csv": "qc_results/qc_per_cell.csv",
        "qc_summary_csv": "qc_results/qc_summary.csv"
    }
}