{
  "id": "HBM373.HCFG.722",
  "handler": "hubmap",
  "organ": "UBERON:0002113",
  "organ_source": "LK",
  "uuid": "b95f34761c252ebbd1e482cd9afae73f",
  "assay_type": "salmon_rnaseq_10x_sn",
  "dataset_id": "https://entity.api.hubmapconsortium.org/entities/b95f34761c252ebbd1e482cd9afae73f",
  "dataset_link": "https://portal.hubmapconsortium.org/browse/dataset/b95f34761c252ebbd1e482cd9afae73f",
  "dataset_technology": "OTHER",
  "dataset_info": "salmon_rnaseq_10x_sn__ba35e752b5c6b18f75753e76774dda65__salmon-rnaseq",
  "consortium_name": "HuBMAP",
  "provider_name": "University of California San Diego TMC",
  "provider_uuid": "03b3d854-ed44-11e8-8bce-0e368f3075e8",
  "donor_id": "https://entity.api.hubmapconsortium.org/entities/ab8258a97e0820c294d1f0ba2d261f61",
  "donor_age": 66,
  "donor_sex": "Male",
  "donor_bmi": 29.1,
  "donor_race": "White",
  "organ_id": "http://purl.obolibrary.org/obo/UBERON_0002113",
  "block_id": "https://entity.api.hubmapconsortium.org/entities/c4200fa2bd88eca844b722075153da94",
  "section_id": "https://entity.api.hubmapconsortium.org/entities/8b574bd7f010efd38272b43d159052a1",
  "rui_location": {
    "@context": "https://hubmapconsortium.github.io/ccf-ontology/ccf-context.jsonld",
    "@id": "http://purl.org/ccf/1.5/f85d8a3d-8e92-487d-bc76-5ee350f26739",
    "@type": "SpatialEntity",
    "ccf_annotations": [
      "http://purl.obolibrary.org/obo/UBERON_0002015",
      "http://purl.obolibrary.org/obo/UBERON_0008716",
      "http://purl.obolibrary.org/obo/UBERON_0001225",
      "http://purl.obolibrary.org/obo/UBERON_0001284",
      "http://purl.obolibrary.org/obo/UBERON_0002189",
      "http://purl.obolibrary.org/obo/UBERON_0000362",
      "http://purl.obolibrary.org/obo/UBERON_0001228",
      "http://purl.obolibrary.org/obo/UBERON_0004200"
    ],
    "creation_date": "2024-03-29",
    "creator": "Amanda Knoten",
    "creator_first_name": "Amanda",
    "creator_last_name": "Knoten",
    "dimension_units": "millimeter",
    "placement": {
      "@context": "https://hubmapconsortium.github.io/ccf-ontology/ccf-context.jsonld",
      "@id": "http://purl.org/ccf/1.5/f85d8a3d-8e92-487d-bc76-5ee350f26739_placement",
      "@type": "SpatialPlacement",
      "placement_date": "2024-03-29",
      "rotation_order": "XYZ",
      "rotation_units": "degree",
      "scaling_units": "ratio",
      "target": "http://purl.org/ccf/latest/ccf.owl#VHMLeftKidney",
      "translation_units": "millimeter",
      "x_rotation": 0,
      "x_scaling": 1,
      "x_translation": 33.21,
      "y_rotation": 0,
      "y_scaling": 1,
      "y_translation": 51.274,
      "z_rotation": 0,
      "z_scaling": 1,
      "z_translation": 56.215
    },
    "x_dimension": 2,
    "y_dimension": 2,
    "z_dimension": 2
  },
  "dataset_cell_count": 12000,
  "dataset_gene_count": 60286
}