{
  "id": "HBM688.GVRR.228",
  "handler": "hubmap",
  "organ": "UBERON:0000059",
  "organ_source": "LI",
  "uuid": "d1d10cfa18d059a96365998fe6406ca9",
  "assay_type": "salmon_rnaseq_10x_sn",
  "dataset_id": "https://entity.api.hubmapconsortium.org/entities/d1d10cfa18d059a96365998fe6406ca9",
  "dataset_link": "https://portal.hubmapconsortium.org/browse/dataset/d1d10cfa18d059a96365998fe6406ca9",
  "dataset_technology": "OTHER",
  "dataset_info": "salmon_rnaseq_10x_sn__c7792716bfc42c5eae0fb4e63392523d__salmon-rnaseq",
  "consortium_name": "HuBMAP",
  "provider_name": "Stanford TMC",
  "provider_uuid": "def5fd76-ed43-11e8-b56a-0e8017bdda58",
  "donor_id": "https://entity.api.hubmapconsortium.org/entities/142d18f0a749d3d02d8b1addbca15589",
  "donor_age": 54,
  "donor_sex": "Female",
  "donor_bmi": 20.5,
  "donor_race": "Black or African American",
  "organ_id": "http://purl.obolibrary.org/obo/UBERON_0000059",
  "block_id": "https://entity.api.hubmapconsortium.org/entities/251e2e18951b2be556fcb756f1806f03",
  "section_id": "",
  "rui_location": {
    "@context": "https://hubmapconsortium.github.io/hubmap-ontology/ccf-context.jsonld",
    "@id": "http://purl.org/ccf/1.5/48f6aab3-8d58-4675-806c-3fd7d5b7336f",
    "@type": "SpatialEntity",
    "ccf_annotations": [
      "http://purl.obolibrary.org/obo/UBERON_0001156",
      "http://purl.obolibrary.org/obo/UBERON_0022277",
      "http://purl.obolibrary.org/obo/UBERON_0001153"
    ],
    "creation_date": "2022-06-08",
    "creator": "Yiing Lin",
    "creator_first_name": "Yiing",
    "creator_last_name": "Lin",
    "dimension_units": "millimeter",
    "placement": {
      "@context": "https://hubmapconsortium.github.io/hubmap-ontology/ccf-context.jsonld",
      "@id": "http://purl.org/ccf/1.5/48f6aab3-8d58-4675-806c-3fd7d5b7336f_placement",
      "@type": "SpatialPlacement",
      "placement_date": "2022-06-08",
      "rotation_order": "XYZ",
      "rotation_units": "degree",
      "scaling_units": "ratio",
      "target": "http://purl.org/ccf/latest/ccf.owl#VHFLargeIntestine",
      "translation_units": "millimeter",
      "x_rotation": -18,
      "x_scaling": 1,
      "x_translation": 6.59,
      "y_rotation": 90,
      "y_scaling": 1,
      "y_translation": 170.113,
      "z_rotation": 0,
      "z_scaling": 1,
      "z_translation": 100.398
    },
    "slice_count": 1,
    "slice_thickness": 1,
    "x_dimension": 20,
    "y_dimension": 50,
    "z_dimension": 5
  },
  "dataset_cell_count": 6858,
  "dataset_gene_count": 60286
}