{
    "input_file": "/var/lib/cwl/stga9d81b8c-1c56-48c9-aaa2-79ebf5c703dd/data.h5ad",
    "total_cells": 100651,
    "low_quality_cells": 80354,
    "percent_low_quality": 79.83,
    "mean_pct_counts_mt": 0.0,
    "mean_pct_counts_ribo": 0.0,
    "thresholds": {
        "min_genes": 200,
        "max_genes": 7500,
        "max_mt": 5.0,
        "min_ribo": null,
        "mt_prefix": "MT-",
        "ribo_prefixes": [
            "RPS",
            "RPL"
        ]
    },
    "files": {
        "qc_per_cell_csv": "qc_results/qc_per_cell.csv",
        "qc_summary_csv": "qc_results/qc_summary.csv"
    }
}