{
    "input_file": "/var/lib/cwl/stg416d512f-cf98-4cde-9159-5fbc52781f0b/data.h5ad",
    "total_cells": 5000,
    "low_quality_cells": 52,
    "percent_low_quality": 1.04,
    "mean_pct_counts_mt": 0.0,
    "mean_pct_counts_ribo": 0.0,
    "thresholds": {
        "min_genes": 200,
        "max_genes": 7500,
        "max_mt": 5.0,
        "min_ribo": null,
        "mt_prefix": "MT-",
        "ribo_prefixes": [
            "RPS",
            "RPL"
        ]
    },
    "files": {
        "qc_per_cell_csv": "qc_results/qc_per_cell.csv",
        "qc_summary_csv": "qc_results/qc_summary.csv"
    }
}