{
    "input_file": "/var/lib/cwl/stg3a7bee15-5963-4a5d-9fe3-d7fbd6763a56/data.h5ad",
    "total_cells": 19439,
    "low_quality_cells": 13461,
    "percent_low_quality": 69.25,
    "mean_pct_counts_mt": 0.0,
    "mean_pct_counts_ribo": 0.0,
    "thresholds": {
        "min_genes": 200,
        "max_genes": 7500,
        "max_mt": 5.0,
        "min_ribo": null,
        "mt_prefix": "MT-",
        "ribo_prefixes": [
            "RPS",
            "RPL"
        ]
    },
    "files": {
        "qc_per_cell_csv": "qc_results/qc_per_cell.csv",
        "qc_summary_csv": "qc_results/qc_summary.csv"
    }
}