{
  "id": "HBM925.KWDZ.229",
  "handler": "hubmap",
  "organ": "UBERON:0002108",
  "organ_source": "SI",
  "uuid": "b23c6f176280ad4c9fe8f74509cb6cf6",
  "assay_type": "salmon_rnaseq_10x_sn",
  "dataset_id": "https://entity.api.hubmapconsortium.org/entities/b23c6f176280ad4c9fe8f74509cb6cf6",
  "dataset_link": "https://portal.hubmapconsortium.org/browse/dataset/b23c6f176280ad4c9fe8f74509cb6cf6",
  "dataset_technology": "OTHER",
  "dataset_info": "salmon_rnaseq_10x_sn__af118b12493d5d3794b38b30c3aced45__salmon-rnaseq",
  "consortium_name": "HuBMAP",
  "provider_name": "Stanford TMC",
  "provider_uuid": "def5fd76-ed43-11e8-b56a-0e8017bdda58",
  "donor_id": "https://entity.api.hubmapconsortium.org/entities/d3ad6409d2ad37ef7dbcc90ccc199f68",
  "donor_age": 78,
  "donor_sex": "Male",
  "donor_bmi": 35.1,
  "donor_race": "Black or African American",
  "organ_id": "http://purl.obolibrary.org/obo/UBERON_0002108",
  "block_id": "https://entity.api.hubmapconsortium.org/entities/ffc79ba8af543395bfbcd753f86f4379",
  "section_id": "",
  "rui_location": {
    "@context": "https://hubmapconsortium.github.io/hubmap-ontology/ccf-context.jsonld",
    "@id": "http://purl.org/ccf/1.5/1c157889-cdec-4830-91b9-d52e209a845b",
    "@type": "SpatialEntity",
    "ccf_annotations": [
      "http://purl.obolibrary.org/obo/UBERON_0001159",
      "http://purl.obolibrary.org/obo/UBERON_0001157",
      "http://purl.obolibrary.org/obo/UBERON_0002114",
      "http://purl.obolibrary.org/obo/UBERON_0002115",
      "http://purl.obolibrary.org/obo/FMA_14966",
      "http://purl.obolibrary.org/obo/UBERON_0001158",
      "http://purl.obolibrary.org/obo/UBERON_0001156",
      "http://purl.obolibrary.org/obo/UBERON_0022277",
      "http://purl.obolibrary.org/obo/UBERON_0001153"
    ],
    "creation_date": "2022-02-16",
    "creator": "Yiing Lin",
    "creator_first_name": "Yiing",
    "creator_last_name": "Lin",
    "dimension_units": "millimeter",
    "placement": {
      "@context": "https://hubmapconsortium.github.io/hubmap-ontology/ccf-context.jsonld",
      "@id": "http://purl.org/ccf/1.5/1c157889-cdec-4830-91b9-d52e209a845b_placement",
      "@type": "SpatialPlacement",
      "placement_date": "2022-02-16",
      "rotation_order": "XYZ",
      "rotation_units": "degree",
      "scaling_units": "ratio",
      "target": "http://purl.org/ccf/latest/ccf.owl#VHMSmallIntestine",
      "translation_units": "millimeter",
      "x_rotation": 0,
      "x_scaling": 1,
      "x_translation": 156.141,
      "y_rotation": 0,
      "y_scaling": 1,
      "y_translation": 204.906,
      "z_rotation": 164,
      "z_scaling": 1,
      "z_translation": 31.088
    },
    "x_dimension": 3,
    "y_dimension": 30,
    "z_dimension": 15
  },
  "dataset_cell_count": 203,
  "dataset_gene_count": 60286
}