{
    "input_file": "/var/lib/cwl/stgf9284494-05f3-4716-aa2f-2c6c225899bc/data.h5ad",
    "total_cells": 6767,
    "low_quality_cells": 897,
    "percent_low_quality": 13.26,
    "mean_pct_counts_mt": 0.0,
    "mean_pct_counts_ribo": 0.0,
    "thresholds": {
        "min_genes": 200,
        "max_genes": 7500,
        "max_mt": 5.0,
        "min_ribo": null,
        "mt_prefix": "MT-",
        "ribo_prefixes": [
            "RPS",
            "RPL"
        ]
    },
    "files": {
        "qc_per_cell_csv": "qc_results/qc_per_cell.csv",
        "qc_summary_csv": "qc_results/qc_summary.csv"
    }
}