{
    "input_file": "/var/lib/cwl/stgab963280-b2a5-4344-a560-b4461ae45b5c/data.h5ad",
    "total_cells": 23104,
    "low_quality_cells": 7972,
    "percent_low_quality": 34.5,
    "mean_pct_counts_mt": 0.0,
    "mean_pct_counts_ribo": 0.0,
    "thresholds": {
        "min_genes": 200,
        "max_genes": 7500,
        "max_mt": 5.0,
        "min_ribo": null,
        "mt_prefix": "MT-",
        "ribo_prefixes": [
            "RPS",
            "RPL"
        ]
    },
    "files": {
        "qc_per_cell_csv": "qc_results/qc_per_cell.csv",
        "qc_summary_csv": "qc_results/qc_summary.csv"
    }
}