{
  "id": "HBM368.JCBG.263",
  "handler": "hubmap",
  "organ": "UBERON:0002113",
  "organ_source": "LK",
  "uuid": "5039cf8619f6f8b5b4a14af1037e1d1f",
  "assay_type": "salmon_rnaseq_10x_sn",
  "dataset_id": "https://entity.api.hubmapconsortium.org/entities/5039cf8619f6f8b5b4a14af1037e1d1f",
  "dataset_link": "https://portal.hubmapconsortium.org/browse/dataset/5039cf8619f6f8b5b4a14af1037e1d1f",
  "dataset_technology": "OTHER",
  "dataset_info": "salmon_rnaseq_10x_sn__fa6d9c732c7f239422ec6b357136fcd4__salmon-rnaseq",
  "consortium_name": "HuBMAP",
  "provider_name": "University of California San Diego TMC",
  "provider_uuid": "03b3d854-ed44-11e8-8bce-0e368f3075e8",
  "donor_id": "https://entity.api.hubmapconsortium.org/entities/e742ac485a0614e4114a26886ed0b444",
  "donor_age": 69,
  "donor_sex": "Female",
  "donor_bmi": 49.2,
  "donor_race": "White",
  "organ_id": "http://purl.obolibrary.org/obo/UBERON_0002113",
  "block_id": "https://entity.api.hubmapconsortium.org/entities/b6293bba61e3956b6546f4e6f47c8c3c",
  "section_id": "https://entity.api.hubmapconsortium.org/entities/50155b047e2cdd14ab01ff98a537ef94",
  "rui_location": {
    "@context": "https://hubmapconsortium.github.io/hubmap-ontology/ccf-context.jsonld",
    "@id": "http://purl.org/ccf/1.5/8d126897-60f6-433e-a56b-cbe730475742",
    "@type": "SpatialEntity",
    "ccf_annotations": [
      "http://purl.obolibrary.org/obo/UBERON_0002015",
      "http://purl.obolibrary.org/obo/UBERON_0001225",
      "http://purl.obolibrary.org/obo/UBERON_0002189"
    ],
    "creation_date": "2021-10-03",
    "creator": "amanda knoten",
    "creator_first_name": "amanda",
    "creator_last_name": "knoten",
    "dimension_units": "millimeter",
    "placement": {
      "@context": "https://hubmapconsortium.github.io/hubmap-ontology/ccf-context.jsonld",
      "@id": "http://purl.org/ccf/1.5/8d126897-60f6-433e-a56b-cbe730475742_placement",
      "@type": "SpatialPlacement",
      "placement_date": "2021-10-03",
      "rotation_order": "XYZ",
      "rotation_units": "degree",
      "scaling_units": "ratio",
      "target": "http://purl.org/ccf/latest/ccf.owl#VHFLeftKidney",
      "translation_units": "millimeter",
      "x_rotation": 108,
      "x_scaling": 1,
      "x_translation": 16.625,
      "y_rotation": 34,
      "y_scaling": 1,
      "y_translation": 109.724,
      "z_rotation": 148,
      "z_scaling": 1,
      "z_translation": 25.782
    },
    "x_dimension": 2,
    "y_dimension": 4,
    "z_dimension": 2
  },
  "dataset_cell_count": 4824,
  "dataset_gene_count": 60286
}