{
    "input_file": "/var/lib/cwl/stg98594701-b7bd-492d-b1b9-b6bbd97ea3f1/data.h5ad",
    "total_cells": 22799,
    "low_quality_cells": 17499,
    "percent_low_quality": 76.75,
    "mean_pct_counts_mt": 0.0,
    "mean_pct_counts_ribo": 0.0,
    "thresholds": {
        "min_genes": 200,
        "max_genes": 7500,
        "max_mt": 5.0,
        "min_ribo": null,
        "mt_prefix": "MT-",
        "ribo_prefixes": [
            "RPS",
            "RPL"
        ]
    },
    "files": {
        "qc_per_cell_csv": "qc_results/qc_per_cell.csv",
        "qc_summary_csv": "qc_results/qc_summary.csv"
    }
}