{
  "id": "HBM526.WCCD.472",
  "handler": "hubmap",
  "organ": "UBERON:0002113",
  "organ_source": "LK",
  "uuid": "2107df00633f703d39e1ec74c271a9e5",
  "assay_type": "salmon_rnaseq_slideseq",
  "dataset_id": "https://entity.api.hubmapconsortium.org/entities/2107df00633f703d39e1ec74c271a9e5",
  "dataset_link": "https://portal.hubmapconsortium.org/browse/dataset/2107df00633f703d39e1ec74c271a9e5",
  "dataset_technology": "OTHER",
  "dataset_info": "salmon_rnaseq_slideseq__69b3d856a476114c1819287d0d688387__salmon-rnaseq-slideseq",
  "consortium_name": "HuBMAP",
  "provider_name": "Broad Institute RTI",
  "provider_uuid": "9c4a56ca-79ac-11ea-8359-0e41da796b5d",
  "donor_id": "https://entity.api.hubmapconsortium.org/entities/ab8258a97e0820c294d1f0ba2d261f61",
  "donor_age": 66,
  "donor_sex": "Male",
  "donor_bmi": 29.1,
  "donor_race": "White",
  "organ_id": "http://purl.obolibrary.org/obo/UBERON_0002113",
  "block_id": "https://entity.api.hubmapconsortium.org/entities/bb913eb294e5694b7cb57e5916e99706",
  "section_id": "https://entity.api.hubmapconsortium.org/entities/af7ba388bfa0bffae56a0bf0539d1165",
  "rui_location": {
    "@context": "https://hubmapconsortium.github.io/hubmap-ontology/ccf-context.jsonld",
    "@id": "http://purl.org/ccf/1.5/37283102-d963-4639-8834-4813fbb3c247",
    "@type": "SpatialEntity",
    "ccf_annotations": [
      "http://purl.obolibrary.org/obo/UBERON_0000362",
      "http://purl.obolibrary.org/obo/UBERON_0004200",
      "http://purl.obolibrary.org/obo/UBERON_0001284"
    ],
    "creation_date": "2022-06-08",
    "creator": "Amanda Knoten",
    "creator_first_name": "Amanda",
    "creator_last_name": "Knoten",
    "dimension_units": "millimeter",
    "placement": {
      "@context": "https://hubmapconsortium.github.io/hubmap-ontology/ccf-context.jsonld",
      "@id": "http://purl.org/ccf/1.5/37283102-d963-4639-8834-4813fbb3c247_placement",
      "@type": "SpatialPlacement",
      "placement_date": "2022-06-08",
      "rotation_order": "XYZ",
      "rotation_units": "degree",
      "scaling_units": "ratio",
      "target": "http://purl.org/ccf/latest/ccf.owl#VHMLeftKidney",
      "translation_units": "millimeter",
      "x_rotation": -38,
      "x_scaling": 1,
      "x_translation": 44.947,
      "y_rotation": 48,
      "y_scaling": 1,
      "y_translation": 13.524,
      "z_rotation": 0,
      "z_scaling": 1,
      "z_translation": 63.715
    },
    "x_dimension": 2,
    "y_dimension": 2,
    "z_dimension": 2
  },
  "dataset_cell_count": 21268,
  "dataset_gene_count": 60286
}