{
    "input_file": "/var/lib/cwl/stg0f6e9f22-7026-4e89-86ee-5d382a9fe6c0/data.h5ad",
    "total_cells": 12975,
    "low_quality_cells": 935,
    "percent_low_quality": 7.21,
    "mean_pct_counts_mt": 0.0,
    "mean_pct_counts_ribo": 0.0,
    "thresholds": {
        "min_genes": 200,
        "max_genes": 7500,
        "max_mt": 5.0,
        "min_ribo": null,
        "mt_prefix": "MT-",
        "ribo_prefixes": [
            "RPS",
            "RPL"
        ]
    },
    "files": {
        "qc_per_cell_csv": "qc_results/qc_per_cell.csv",
        "qc_summary_csv": "qc_results/qc_summary.csv"
    }
}