{
    "input_file": "/var/lib/cwl/stg1c9b0646-8fa2-4c89-abf8-b1a2f005b93f/data.h5ad",
    "total_cells": 1672,
    "low_quality_cells": 189,
    "percent_low_quality": 11.3,
    "mean_pct_counts_mt": 0.0,
    "mean_pct_counts_ribo": 0.0,
    "thresholds": {
        "min_genes": 200,
        "max_genes": 7500,
        "max_mt": 5.0,
        "min_ribo": null,
        "mt_prefix": "MT-",
        "ribo_prefixes": [
            "RPS",
            "RPL"
        ]
    },
    "files": {
        "qc_per_cell_csv": "qc_results/qc_per_cell.csv",
        "qc_summary_csv": "qc_results/qc_summary.csv"
    }
}