{
  "id": "HBM593.CLXN.573",
  "handler": "hubmap",
  "organ": "UBERON:0002113",
  "organ_source": "LK",
  "uuid": "fae9a1f2e7abefca2203765a3c7a5ba1",
  "assay_type": "salmon_rnaseq_10x_sn",
  "dataset_id": "https://entity.api.hubmapconsortium.org/entities/fae9a1f2e7abefca2203765a3c7a5ba1",
  "dataset_link": "https://portal.hubmapconsortium.org/browse/dataset/fae9a1f2e7abefca2203765a3c7a5ba1",
  "dataset_technology": "OTHER",
  "dataset_info": "salmon_rnaseq_10x_sn__180dd06ae35a0fc771f0afe5deefcf23__salmon-rnaseq",
  "consortium_name": "HuBMAP",
  "provider_name": "University of California San Diego TMC",
  "provider_uuid": "03b3d854-ed44-11e8-8bce-0e368f3075e8",
  "donor_id": "https://entity.api.hubmapconsortium.org/entities/d876de578e9d8c2ce2dcd7c1bbb00681",
  "donor_age": 65,
  "donor_sex": "Male",
  "donor_bmi": 30.3,
  "donor_race": "White",
  "organ_id": "http://purl.obolibrary.org/obo/UBERON_0002113",
  "block_id": "https://entity.api.hubmapconsortium.org/entities/726d0ab1980e05cd349766bcd9577315",
  "section_id": "https://entity.api.hubmapconsortium.org/entities/3e2e3022f6c72762d1d4e809523eea75",
  "rui_location": {
    "@context": "https://hubmapconsortium.github.io/hubmap-ontology/ccf-context.jsonld",
    "@id": "http://purl.org/ccf/1.5/29e439fb-cfec-4c2d-a14e-3bc60eb8e255",
    "@type": "SpatialEntity",
    "ccf_annotations": [
      "http://purl.obolibrary.org/obo/UBERON_0006517",
      "http://purl.obolibrary.org/obo/UBERON_0001227",
      "http://purl.obolibrary.org/obo/UBERON_0001224",
      "http://purl.obolibrary.org/obo/UBERON_0004200",
      "http://purl.obolibrary.org/obo/UBERON_0001228",
      "http://purl.obolibrary.org/obo/UBERON_0001226"
    ],
    "creation_date": "2022-06-09",
    "creator": "Amanda Knoten",
    "creator_first_name": "Amanda",
    "creator_last_name": "Knoten",
    "dimension_units": "millimeter",
    "placement": {
      "@context": "https://hubmapconsortium.github.io/hubmap-ontology/ccf-context.jsonld",
      "@id": "http://purl.org/ccf/1.5/29e439fb-cfec-4c2d-a14e-3bc60eb8e255_placement",
      "@type": "SpatialPlacement",
      "placement_date": "2022-06-09",
      "rotation_order": "XYZ",
      "rotation_units": "degree",
      "scaling_units": "ratio",
      "target": "http://purl.org/ccf/latest/ccf.owl#VHMLeftKidney",
      "translation_units": "millimeter",
      "x_rotation": -65,
      "x_scaling": 1,
      "x_translation": 43.907,
      "y_rotation": 28,
      "y_scaling": 1,
      "y_translation": 35.539,
      "z_rotation": 1,
      "z_scaling": 1,
      "z_translation": 52.715
    },
    "x_dimension": 2,
    "y_dimension": 3,
    "z_dimension": 2
  },
  "dataset_cell_count": 10999,
  "dataset_gene_count": 60286
}