{
    "input_file": "/var/lib/cwl/stg165d2ada-d1d2-4ac7-8bfb-4d948b7dbcd5/data.h5ad",
    "total_cells": 2119,
    "low_quality_cells": 11,
    "percent_low_quality": 0.52,
    "mean_pct_counts_mt": 0.0,
    "mean_pct_counts_ribo": 0.0,
    "thresholds": {
        "min_genes": 200,
        "max_genes": 7500,
        "max_mt": 5.0,
        "min_ribo": null,
        "mt_prefix": "MT-",
        "ribo_prefixes": [
            "RPS",
            "RPL"
        ]
    },
    "files": {
        "qc_per_cell_csv": "qc_results/qc_per_cell.csv",
        "qc_summary_csv": "qc_results/qc_summary.csv"
    }
}