{
    "input_file": "/var/lib/cwl/stg2395f83b-6275-4c50-a057-8bae11e56fce/data.h5ad",
    "total_cells": 26087,
    "low_quality_cells": 14171,
    "percent_low_quality": 54.32,
    "mean_pct_counts_mt": 0.0,
    "mean_pct_counts_ribo": 0.0,
    "thresholds": {
        "min_genes": 200,
        "max_genes": 7500,
        "max_mt": 5.0,
        "min_ribo": null,
        "mt_prefix": "MT-",
        "ribo_prefixes": [
            "RPS",
            "RPL"
        ]
    },
    "files": {
        "qc_per_cell_csv": "qc_results/qc_per_cell.csv",
        "qc_summary_csv": "qc_results/qc_summary.csv"
    }
}