{
  "id": "HBM764.ZFGN.389",
  "handler": "hubmap",
  "organ": "UBERON:0000059",
  "organ_source": "LI",
  "uuid": "846e56ed969922f1cb7a81619b175620",
  "assay_type": "salmon_rnaseq_10x",
  "dataset_id": "https://entity.api.hubmapconsortium.org/entities/846e56ed969922f1cb7a81619b175620",
  "dataset_link": "https://portal.hubmapconsortium.org/browse/dataset/846e56ed969922f1cb7a81619b175620",
  "dataset_technology": "OTHER",
  "dataset_info": "salmon_rnaseq_10x__57288d8a0a9374ea83f90582df8eafa2__salmon-rnaseq",
  "consortium_name": "HuBMAP",
  "provider_name": "Stanford TMC",
  "provider_uuid": "def5fd76-ed43-11e8-b56a-0e8017bdda58",
  "donor_id": "https://entity.api.hubmapconsortium.org/entities/be425f8a2963dda1d3a7a0c79de5e466",
  "donor_age": 24,
  "donor_sex": "Female",
  "donor_bmi": 23.2,
  "donor_race": "White",
  "organ_id": "http://purl.obolibrary.org/obo/UBERON_0000059",
  "block_id": "https://entity.api.hubmapconsortium.org/entities/50d4f32223c8eb4f294b7fa7bb355c45",
  "section_id": "",
  "rui_location": "",
  "dataset_cell_count": 346,
  "dataset_gene_count": 60286
}