{
    "input_file": "/var/lib/cwl/stg4da79dd7-ecdf-4022-b83c-74c3d0495a18/data.h5ad",
    "total_cells": 10999,
    "low_quality_cells": 686,
    "percent_low_quality": 6.24,
    "mean_pct_counts_mt": 0.0,
    "mean_pct_counts_ribo": 0.0,
    "thresholds": {
        "min_genes": 200,
        "max_genes": 7500,
        "max_mt": 5.0,
        "min_ribo": null,
        "mt_prefix": "MT-",
        "ribo_prefixes": [
            "RPS",
            "RPL"
        ]
    },
    "files": {
        "qc_per_cell_csv": "qc_results/qc_per_cell.csv",
        "qc_summary_csv": "qc_results/qc_summary.csv"
    }
}