{
    "input_file": "/var/lib/cwl/stg7901b2c7-ec2a-49da-bc7b-6fdd9a25bd08/data.h5ad",
    "total_cells": 31810,
    "low_quality_cells": 17534,
    "percent_low_quality": 55.12,
    "mean_pct_counts_mt": 0.0,
    "mean_pct_counts_ribo": 0.0,
    "thresholds": {
        "min_genes": 200,
        "max_genes": 7500,
        "max_mt": 5.0,
        "min_ribo": null,
        "mt_prefix": "MT-",
        "ribo_prefixes": [
            "RPS",
            "RPL"
        ]
    },
    "files": {
        "qc_per_cell_csv": "qc_results/qc_per_cell.csv",
        "qc_summary_csv": "qc_results/qc_summary.csv"
    }
}