{
    "input_file": "/var/lib/cwl/stg1f66777a-2051-4766-9c63-62f5b0026b31/data.h5ad",
    "total_cells": 31580,
    "low_quality_cells": 12129,
    "percent_low_quality": 38.41,
    "mean_pct_counts_mt": 0.0,
    "mean_pct_counts_ribo": 0.0,
    "thresholds": {
        "min_genes": 200,
        "max_genes": 7500,
        "max_mt": 5.0,
        "min_ribo": null,
        "mt_prefix": "MT-",
        "ribo_prefixes": [
            "RPS",
            "RPL"
        ]
    },
    "files": {
        "qc_per_cell_csv": "qc_results/qc_per_cell.csv",
        "qc_summary_csv": "qc_results/qc_summary.csv"
    }
}