{
  "id": "HBM982.THGM.772",
  "handler": "hubmap",
  "organ": "UBERON:0000948",
  "organ_source": "HT",
  "uuid": "c616de3ce57804ede2dd519a1c8addf2",
  "assay_type": "salmon_rnaseq_sciseq",
  "dataset_id": "https://entity.api.hubmapconsortium.org/entities/c616de3ce57804ede2dd519a1c8addf2",
  "dataset_link": "https://portal.hubmapconsortium.org/browse/dataset/c616de3ce57804ede2dd519a1c8addf2",
  "dataset_technology": "OTHER",
  "dataset_info": "salmon_rnaseq_sciseq__e0148e8a78bd489d9d86c7906c184920__salmon-rnaseq-sciseq",
  "consortium_name": "HuBMAP",
  "provider_name": "California Institute of Technology TMC",
  "provider_uuid": "308f5ffc-ed43-11e8-b56a-0e8017bdda58",
  "donor_id": "https://entity.api.hubmapconsortium.org/entities/79669218b9f27e3aa196b84c532d60d3",
  "donor_age": 60,
  "donor_sex": "Male",
  "donor_bmi": 18.5,
  "donor_race": "Black or African American",
  "organ_id": "http://purl.obolibrary.org/obo/UBERON_0000948",
  "block_id": "https://entity.api.hubmapconsortium.org/entities/6dfb4bf4c1b1086c3bfa260c5d8b8f79",
  "section_id": "",
  "rui_location": {
    "@context": "https://hubmapconsortium.github.io/hubmap-ontology/ccf-context.jsonld",
    "@id": "http://purl.org/ccf/1.5/da28394d-789a-4fba-842a-f8ba5046b221",
    "@type": "SpatialEntity",
    "ccf_annotations": [
      "http://purl.obolibrary.org/obo/UBERON_0002135",
      "http://purl.obolibrary.org/obo/UBERON_0002494",
      "http://purl.obolibrary.org/obo/UBERON_0002079",
      "http://purl.obolibrary.org/obo/UBERON_0002080",
      "http://purl.obolibrary.org/obo/UBERON_0002094",
      "http://purl.obolibrary.org/obo/UBERON_0002084",
      "http://purl.org/sig/ont/fma/fma72655"
    ],
    "creation_date": "2021-10-25",
    "creator": "Andreas Bueckle",
    "creator_first_name": "Andreas",
    "creator_last_name": "Bueckle",
    "dimension_units": "millimeter",
    "placement": {
      "@context": "https://hubmapconsortium.github.io/hubmap-ontology/ccf-context.jsonld",
      "@id": "http://purl.org/ccf/1.5/da28394d-789a-4fba-842a-f8ba5046b221_placement",
      "@type": "SpatialPlacement",
      "placement_date": "2021-10-25",
      "rotation_order": "XYZ",
      "rotation_units": "degree",
      "scaling_units": "ratio",
      "target": "http://purl.org/ccf/latest/ccf.owl#VHMHeart",
      "translation_units": "millimeter",
      "x_rotation": 41,
      "x_scaling": 1,
      "x_translation": 102.382,
      "y_rotation": 12,
      "y_scaling": 1,
      "y_translation": 54.602,
      "z_rotation": -25,
      "z_scaling": 1,
      "z_translation": 69.821
    },
    "x_dimension": 10,
    "y_dimension": 16,
    "z_dimension": 10
  },
  "dataset_cell_count": 53637,
  "dataset_gene_count": 60286
}