{
  "id": "GTEX-1HSMQ-5005-SM-GKSJF",
  "handler": "gtex",
  "organ": "UBERON:0002048",
  "dataset_id": "https://doi.org/10.1126/science.abl4290#GTEX-1HSMQ-5005-SM-GKSJF",
  "publication": "https://doi.org/10.1126/science.abl4290",
  "publication_title": "Single-nucleus cross-tissue molecular reference maps toward understanding disease gene function",
  "publication_lead_author": "Gökcen Eraslan",
  "consortium_name": "GTEx",
  "provider_name": "GTEx",
  "provider_uuid": "083882bb-6cc6-4c12-a205-eac37c1a2640",
  "dataset_link": "https://gtexportal.org/home/singleCellOverviewPage",
  "dataset_technology": "OTHER",
  "organ_source": "Lung",
  "organ_id": "http://purl.obolibrary.org/obo/UBERON_0002048",
  "donor_sex": "Male",
  "donor_age_bin": "51-60",
  "donor_id": "https://doi.org/10.1126/science.abl4290#GTEX-1HSMQ",
  "dataset_cell_count": 14404,
  "dataset_gene_count": 17695,
  "block_id": "https://doi.org/10.1126/science.abl4290#GTEX-1HSMQ-5005-SM-GKSJF_TissueBlock",
  "rui_location": "{\"@context\":\"https://hubmapconsortium.github.io/hubmap-ontology/ccf-context.jsonld\",\"@id\":\"http://purl.org/ccf/1.5/ab2e49b2-1959-44af-8e83-ac16878f6c12\",\"@type\":\"SpatialEntity\",\"creator\":\"Kristin Ardlie\",\"creator_first_name\":\"Kristin\",\"creator_last_name\":\"Ardlie\",\"creation_date\":\"2021-09-22\",\"ccf_annotations\":[\"http://purl.org/sig/ont/fma/fma7426\",\"http://purl.obolibrary.org/obo/UBERON_0002048\",\"http://purl.obolibrary.org/obo/UBERON_0002168\",\"http://purl.obolibrary.org/obo/UBERON_0008952\",\"http://purl.org/sig/ont/fma/fma7386\",\"http://purl.org/sig/ont/fma/fma7385\"],\"x_dimension\":10,\"y_dimension\":10,\"z_dimension\":10,\"dimension_units\":\"millimeter\",\"placement\":{\"@context\":\"https://hubmapconsortium.github.io/hubmap-ontology/ccf-context.jsonld\",\"@id\":\"http://purl.org/ccf/1.5/ab2e49b2-1959-44af-8e83-ac16878f6c12_placement\",\"@type\":\"SpatialPlacement\",\"placement_date\":\"2021-09-22\",\"x_scaling\":1,\"y_scaling\":1,\"z_scaling\":1,\"scaling_units\":\"ratio\",\"x_rotation\":0,\"y_rotation\":0,\"z_rotation\":0,\"rotation_order\":\"XYZ\",\"rotation_units\":\"degree\",\"x_translation\":160.02,\"y_translation\":213.664,\"z_translation\":78.402,\"translation_units\":\"millimeter\",\"target\":\"http://purl.org/ccf/latest/ccf.owl#VHMLung\"}}"
}