{
    "input_file": "/var/lib/cwl/stgadc804f1-1d04-443a-ae59-9b6b8872bc4a/data.h5ad",
    "total_cells": 12994,
    "low_quality_cells": 574,
    "percent_low_quality": 4.42,
    "mean_pct_counts_mt": 0.0,
    "mean_pct_counts_ribo": 0.0,
    "thresholds": {
        "min_genes": 200,
        "max_genes": 7500,
        "max_mt": 5.0,
        "min_ribo": null,
        "mt_prefix": "MT-",
        "ribo_prefixes": [
            "RPS",
            "RPL"
        ]
    },
    "files": {
        "qc_per_cell_csv": "qc_results/qc_per_cell.csv",
        "qc_summary_csv": "qc_results/qc_summary.csv"
    }
}