{
  "id": "HBM259.DZXX.383",
  "handler": "hubmap",
  "organ": "UBERON:0000059",
  "organ_source": "LI",
  "uuid": "e7b70f4c1b3cb934e45fc4114a4fca28",
  "assay_type": "salmon_rnaseq_10x_sn",
  "dataset_id": "https://entity.api.hubmapconsortium.org/entities/e7b70f4c1b3cb934e45fc4114a4fca28",
  "dataset_link": "https://portal.hubmapconsortium.org/browse/dataset/e7b70f4c1b3cb934e45fc4114a4fca28",
  "dataset_technology": "OTHER",
  "dataset_info": "salmon_rnaseq_10x_sn__4c26f91beabafb3290fad2bfbdc68ab3__salmon-rnaseq",
  "consortium_name": "HuBMAP",
  "provider_name": "Stanford TMC",
  "provider_uuid": "def5fd76-ed43-11e8-b56a-0e8017bdda58",
  "donor_id": "https://entity.api.hubmapconsortium.org/entities/4102d375082e94a2d4d0df1f49dcc37c",
  "donor_age": 30,
  "donor_sex": "Male",
  "donor_bmi": 27.9,
  "donor_race": "White",
  "organ_id": "http://purl.obolibrary.org/obo/UBERON_0000059",
  "block_id": "https://entity.api.hubmapconsortium.org/entities/6da8a421d9dc69e25764adb94c3ab39b",
  "section_id": "",
  "rui_location": {
    "@context": "https://hubmapconsortium.github.io/hubmap-ontology/ccf-context.jsonld",
    "@id": "http://purl.org/ccf/1.5/c89a4a3c-52d7-4508-86fb-b7e5610cb1e0",
    "@type": "SpatialEntity",
    "ccf_annotations": [
      "http://purl.obolibrary.org/obo/UBERON_0001157",
      "http://purl.obolibrary.org/obo/UBERON_0001156",
      "http://purl.obolibrary.org/obo/UBERON_0022277"
    ],
    "creation_date": "2022-06-08",
    "creator": "Yiing Lin",
    "creator_first_name": "Yiing",
    "creator_last_name": "Lin",
    "dimension_units": "millimeter",
    "placement": {
      "@context": "https://hubmapconsortium.github.io/hubmap-ontology/ccf-context.jsonld",
      "@id": "http://purl.org/ccf/1.5/c89a4a3c-52d7-4508-86fb-b7e5610cb1e0_placement",
      "@type": "SpatialPlacement",
      "placement_date": "2022-06-08",
      "rotation_order": "XYZ",
      "rotation_units": "degree",
      "scaling_units": "ratio",
      "target": "http://purl.org/ccf/latest/ccf.owl#VHMColon",
      "translation_units": "millimeter",
      "x_rotation": 90,
      "x_scaling": 1,
      "x_translation": 128.226,
      "y_rotation": 26,
      "y_scaling": 1,
      "y_translation": 354.62,
      "z_rotation": 88,
      "z_scaling": 1,
      "z_translation": 187.504
    },
    "slice_count": 1,
    "slice_thickness": 1,
    "x_dimension": 20,
    "y_dimension": 50,
    "z_dimension": 5
  },
  "dataset_cell_count": 1783,
  "dataset_gene_count": 60286
}