{
  "id": "HBM739.ZDLB.526",
  "handler": "hubmap",
  "organ": "UBERON:0002048",
  "organ_source": "RL",
  "uuid": "d171ff8d83f707ecca64ff159c7160a7",
  "assay_type": "snRNA-seq (SNARE-seq) [Salmon] data from the lung (right) of a <age>-year-old <race> <sex>",
  "dataset_id": "https://entity.api.hubmapconsortium.org/entities/d171ff8d83f707ecca64ff159c7160a7",
  "dataset_link": "https://portal.hubmapconsortium.org/browse/dataset/d171ff8d83f707ecca64ff159c7160a7",
  "dataset_technology": "OTHER",
  "dataset_info": "snRNA-seq (SNARE-seq) [Salmon] data from the lung (right) of a <age>-year-old <race> <sex>",
  "consortium_name": "HuBMAP",
  "provider_name": "University of California San Diego TMC",
  "provider_uuid": "03b3d854-ed44-11e8-8bce-0e368f3075e8",
  "donor_id": "https://entity.api.hubmapconsortium.org/entities/4397fcd072ac96299992b47da1dbae64",
  "donor_age": 37,
  "donor_sex": "Male",
  "donor_bmi": "",
  "donor_race": "Black or African American",
  "organ_id": "http://purl.obolibrary.org/obo/UBERON_0002048",
  "block_id": "https://entity.api.hubmapconsortium.org/entities/173fbebb10c3af766e26b1d6c9c8d563",
  "section_id": "https://entity.api.hubmapconsortium.org/entities/93ae03ede0ff261a8cb1f27345fabd3c",
  "rui_location": {
    "@context": "https://hubmapconsortium.github.io/hubmap-ontology/ccf-context.jsonld",
    "@id": "http://purl.org/ccf/1.5/594902fb-c4c1-47c3-b98e-3101b93a73e4",
    "@type": "SpatialEntity",
    "ccf_annotations": [
      "http://purl.obolibrary.org/obo/UBERON_0002048",
      "http://purl.obolibrary.org/obo/UBERON_0002167",
      "http://purl.obolibrary.org/obo/UBERON_0002174",
      "http://purl.org/sig/ont/fma/fma7360",
      "http://purl.obolibrary.org/obo/UBERON_0002185",
      "http://purl.obolibrary.org/obo/UBERON_0002184",
      "http://purl.org/sig/ont/fma/fma7361",
      "http://purl.org/sig/ont/fma/fma62649",
      "http://purl.obolibrary.org/obo/UBERON_0002171",
      "http://purl.org/sig/ont/fma/fma7364",
      "http://purl.org/sig/ont/fma/fma7402",
      "http://purl.org/sig/ont/fma/fma7403",
      "http://purl.org/sig/ont/fma/fma7365",
      "http://purl.obolibrary.org/obo/UBERON_0002170",
      "http://purl.org/sig/ont/fma/fma7359"
    ],
    "creation_date": "2021-09-23",
    "creator": "Gloria Pryhuber",
    "creator_first_name": "Gloria",
    "creator_last_name": "Pryhuber",
    "dimension_units": "millimeter",
    "placement": {
      "@context": "https://hubmapconsortium.github.io/hubmap-ontology/ccf-context.jsonld",
      "@id": "http://purl.org/ccf/1.5/594902fb-c4c1-47c3-b98e-3101b93a73e4_placement",
      "@type": "SpatialPlacement",
      "placement_date": "2021-09-23",
      "rotation_order": "XYZ",
      "rotation_units": "degree",
      "scaling_units": "ratio",
      "target": "http://purl.org/ccf/latest/ccf.owl#VHMLung",
      "translation_units": "millimeter",
      "x_rotation": 4,
      "x_scaling": 1,
      "x_translation": 55.029,
      "y_rotation": 34,
      "y_scaling": 1,
      "y_translation": 102.052,
      "z_rotation": 10,
      "z_scaling": 1,
      "z_translation": 113.204
    },
    "x_dimension": 10,
    "y_dimension": 10,
    "z_dimension": 5
  },
  "dataset_cell_count": 100921,
  "dataset_gene_count": 60286
}