{
  "id": "HBM692.MHPM.997",
  "handler": "hubmap",
  "organ": "UBERON:0000059",
  "organ_source": "LI",
  "uuid": "87e85403e3f7a946fc40bdcf5cba8360",
  "assay_type": "salmon_rnaseq_10x_sn",
  "dataset_id": "https://entity.api.hubmapconsortium.org/entities/87e85403e3f7a946fc40bdcf5cba8360",
  "dataset_link": "https://portal.hubmapconsortium.org/browse/dataset/87e85403e3f7a946fc40bdcf5cba8360",
  "dataset_technology": "OTHER",
  "dataset_info": "salmon_rnaseq_10x_sn__0523eb73b97a09a4ec7397fc1906988f__salmon-rnaseq",
  "consortium_name": "HuBMAP",
  "provider_name": "Stanford TMC",
  "provider_uuid": "def5fd76-ed43-11e8-b56a-0e8017bdda58",
  "donor_id": "https://entity.api.hubmapconsortium.org/entities/f84ff583687f3407636d8ce843b48ff0",
  "donor_age": 37,
  "donor_sex": "Male",
  "donor_bmi": 29.3,
  "donor_race": "White",
  "organ_id": "http://purl.obolibrary.org/obo/UBERON_0000059",
  "block_id": "https://entity.api.hubmapconsortium.org/entities/d1e1b14015d35dcc6fed7ca2091d2910",
  "section_id": "",
  "rui_location": "",
  "dataset_cell_count": 6017,
  "dataset_gene_count": 60286
}