{
  "id": "HBM758.GVSL.783",
  "handler": "hubmap",
  "organ": "UBERON:0002108",
  "organ_source": "SI",
  "uuid": "f6eb890063d13698feb11d39fa61e45a",
  "assay_type": "salmon_rnaseq_10x_sn",
  "dataset_id": "https://entity.api.hubmapconsortium.org/entities/f6eb890063d13698feb11d39fa61e45a",
  "dataset_link": "https://portal.hubmapconsortium.org/browse/dataset/f6eb890063d13698feb11d39fa61e45a",
  "dataset_technology": "OTHER",
  "dataset_info": "salmon_rnaseq_10x_sn__20ee458e5ee361717b68ca72caf6044e__salmon-rnaseq",
  "consortium_name": "HuBMAP",
  "provider_name": "Stanford TMC",
  "provider_uuid": "def5fd76-ed43-11e8-b56a-0e8017bdda58",
  "donor_id": "https://entity.api.hubmapconsortium.org/entities/1628b6f7eb615862322d6274a6bc9fa0",
  "donor_age": 67,
  "donor_sex": "Female",
  "donor_bmi": 30.2,
  "donor_race": "White",
  "organ_id": "http://purl.obolibrary.org/obo/UBERON_0002108",
  "block_id": "https://entity.api.hubmapconsortium.org/entities/e80cd8fab25ec8e9cb41e3872e2129c7",
  "section_id": "",
  "rui_location": {
    "@context": "https://hubmapconsortium.github.io/hubmap-ontology/ccf-context.jsonld",
    "@id": "http://purl.org/ccf/1.5/b077aef9-808e-48b1-8d2d-15aab54d0a86",
    "@type": "SpatialEntity",
    "ccf_annotations": [
      "http://purl.obolibrary.org/obo/UBERON_0001159",
      "http://purl.obolibrary.org/obo/UBERON_0001157",
      "http://purl.obolibrary.org/obo/UBERON_0002114",
      "http://purl.obolibrary.org/obo/UBERON_0002115",
      "http://purl.obolibrary.org/obo/FMA_14966",
      "http://purl.obolibrary.org/obo/FMA_14926",
      "http://purl.obolibrary.org/obo/FMA_14928",
      "http://purl.obolibrary.org/obo/FMA_15077",
      "http://purl.obolibrary.org/obo/FMA_14930",
      "http://purl.obolibrary.org/obo/FMA_14929"
    ],
    "creation_date": "2022-02-16",
    "creator": "Yiing Lin",
    "creator_first_name": "Yiing",
    "creator_last_name": "Lin",
    "dimension_units": "millimeter",
    "placement": {
      "@context": "https://hubmapconsortium.github.io/hubmap-ontology/ccf-context.jsonld",
      "@id": "http://purl.org/ccf/1.5/b077aef9-808e-48b1-8d2d-15aab54d0a86_placement",
      "@type": "SpatialPlacement",
      "placement_date": "2022-02-16",
      "rotation_order": "XYZ",
      "rotation_units": "degree",
      "scaling_units": "ratio",
      "target": "http://purl.org/ccf/latest/ccf.owl#VHFSmallIntestine",
      "translation_units": "millimeter",
      "x_rotation": 59,
      "x_scaling": 1,
      "x_translation": 81.38,
      "y_rotation": 19,
      "y_scaling": 1,
      "y_translation": 156.91,
      "z_rotation": -56,
      "z_scaling": 1,
      "z_translation": 21.022
    },
    "x_dimension": 3,
    "y_dimension": 30,
    "z_dimension": 15
  },
  "dataset_cell_count": 6000,
  "dataset_gene_count": 60286
}