{
    "input_file": "/var/lib/cwl/stg0a0030e4-17ba-49ca-ba32-ed9c3d97f06c/data.h5ad",
    "total_cells": 22734,
    "low_quality_cells": 7354,
    "percent_low_quality": 32.35,
    "mean_pct_counts_mt": 0.0,
    "mean_pct_counts_ribo": 0.0,
    "thresholds": {
        "min_genes": 200,
        "max_genes": 7500,
        "max_mt": 5.0,
        "min_ribo": null,
        "mt_prefix": "MT-",
        "ribo_prefixes": [
            "RPS",
            "RPL"
        ]
    },
    "files": {
        "qc_per_cell_csv": "qc_results/qc_per_cell.csv",
        "qc_summary_csv": "qc_results/qc_summary.csv"
    }
}