{
  "id": "HBM652.TXVL.374",
  "handler": "hubmap",
  "organ": "UBERON:0002108",
  "organ_source": "SI",
  "uuid": "69ede86e15f4c129ca8eff2bb9940b36",
  "assay_type": "salmon_rnaseq_10x_sn",
  "dataset_id": "https://entity.api.hubmapconsortium.org/entities/69ede86e15f4c129ca8eff2bb9940b36",
  "dataset_link": "https://portal.hubmapconsortium.org/browse/dataset/69ede86e15f4c129ca8eff2bb9940b36",
  "dataset_technology": "OTHER",
  "dataset_info": "salmon_rnaseq_10x_sn__27b0957d7c43322c272882937c0b94ea__salmon-rnaseq",
  "consortium_name": "HuBMAP",
  "provider_name": "Stanford TMC",
  "provider_uuid": "def5fd76-ed43-11e8-b56a-0e8017bdda58",
  "donor_id": "https://entity.api.hubmapconsortium.org/entities/142d18f0a749d3d02d8b1addbca15589",
  "donor_age": 54,
  "donor_sex": "Female",
  "donor_bmi": 20.5,
  "donor_race": "Black or African American",
  "organ_id": "http://purl.obolibrary.org/obo/UBERON_0002108",
  "block_id": "https://entity.api.hubmapconsortium.org/entities/c21fb09022b6695ba8e29bf82e5315e9",
  "section_id": "",
  "rui_location": {
    "@context": "https://hubmapconsortium.github.io/hubmap-ontology/ccf-context.jsonld",
    "@id": "http://purl.org/ccf/1.5/d194f593-af76-4ee7-84a6-00f7531d47cf",
    "@type": "SpatialEntity",
    "ccf_annotations": [
      "http://purl.obolibrary.org/obo/UBERON_0002115",
      "http://purl.obolibrary.org/obo/UBERON_0002116"
    ],
    "creation_date": "2022-06-08",
    "creator": "Yiing Lin",
    "creator_first_name": "Yiing",
    "creator_last_name": "Lin",
    "dimension_units": "millimeter",
    "placement": {
      "@context": "https://hubmapconsortium.github.io/hubmap-ontology/ccf-context.jsonld",
      "@id": "http://purl.org/ccf/1.5/d194f593-af76-4ee7-84a6-00f7531d47cf_placement",
      "@type": "SpatialPlacement",
      "placement_date": "2022-06-08",
      "rotation_order": "XYZ",
      "rotation_units": "degree",
      "scaling_units": "ratio",
      "target": "http://purl.org/ccf/latest/ccf.owl#VHFSmallIntestine",
      "translation_units": "millimeter",
      "x_rotation": 0,
      "x_scaling": 1,
      "x_translation": 130.806,
      "y_rotation": 0,
      "y_scaling": 1,
      "y_translation": 111.09,
      "z_rotation": 86,
      "z_scaling": 1,
      "z_translation": 54.023
    },
    "x_dimension": 3,
    "y_dimension": 30,
    "z_dimension": 15
  },
  "dataset_cell_count": 445,
  "dataset_gene_count": 60286
}