{
  "id": "HBM269.LCND.454",
  "handler": "hubmap",
  "organ": "UBERON:0000059",
  "organ_source": "LI",
  "uuid": "9308dab31ff0b18325f79a671cd6d833",
  "assay_type": "salmon_rnaseq_10x_sn",
  "dataset_id": "https://entity.api.hubmapconsortium.org/entities/9308dab31ff0b18325f79a671cd6d833",
  "dataset_link": "https://portal.hubmapconsortium.org/browse/dataset/9308dab31ff0b18325f79a671cd6d833",
  "dataset_technology": "OTHER",
  "dataset_info": "salmon_rnaseq_10x_sn__63325f48a2b8ab0564617a9cf9590abb__salmon-rnaseq",
  "consortium_name": "HuBMAP",
  "provider_name": "Stanford TMC",
  "provider_uuid": "def5fd76-ed43-11e8-b56a-0e8017bdda58",
  "donor_id": "https://entity.api.hubmapconsortium.org/entities/4102d375082e94a2d4d0df1f49dcc37c",
  "donor_age": 30,
  "donor_sex": "Male",
  "donor_bmi": 27.9,
  "donor_race": "White",
  "organ_id": "http://purl.obolibrary.org/obo/UBERON_0000059",
  "block_id": "https://entity.api.hubmapconsortium.org/entities/4325cc3fefa49b6b6d099527bb01bdab",
  "section_id": "",
  "rui_location": {
    "@context": "https://hubmapconsortium.github.io/hubmap-ontology/ccf-context.jsonld",
    "@id": "http://purl.org/ccf/1.5/e7d386a6-d4fb-43b2-9737-fdc6f7508d79",
    "@type": "SpatialEntity",
    "ccf_annotations": [
      "http://purl.obolibrary.org/obo/UBERON_0001159",
      "http://purl.obolibrary.org/obo/UBERON_0001052",
      "http://purl.obolibrary.org/obo/UBERON_0001153"
    ],
    "creation_date": "2022-06-08",
    "creator": "Yiing Lin",
    "creator_first_name": "Yiing",
    "creator_last_name": "Lin",
    "dimension_units": "millimeter",
    "placement": {
      "@context": "https://hubmapconsortium.github.io/hubmap-ontology/ccf-context.jsonld",
      "@id": "http://purl.org/ccf/1.5/e7d386a6-d4fb-43b2-9737-fdc6f7508d79_placement",
      "@type": "SpatialPlacement",
      "placement_date": "2022-06-08",
      "rotation_order": "XYZ",
      "rotation_units": "degree",
      "scaling_units": "ratio",
      "target": "http://purl.org/ccf/latest/ccf.owl#VHMColon",
      "translation_units": "millimeter",
      "x_rotation": 90,
      "x_scaling": 1,
      "x_translation": 108.484,
      "y_rotation": 0,
      "y_scaling": 1,
      "y_translation": 149.553,
      "z_rotation": 0,
      "z_scaling": 1,
      "z_translation": 92.744
    },
    "x_dimension": 20,
    "y_dimension": 50,
    "z_dimension": 5
  },
  "dataset_cell_count": 9045,
  "dataset_gene_count": 60286
}