{
  "id": "HBM482.JGJX.834",
  "handler": "hubmap",
  "organ": "UBERON:0002106",
  "organ_source": "SP",
  "uuid": "f412e76986c1012ea9589d545ed8f043",
  "assay_type": "salmon_rnaseq_10x",
  "dataset_id": "https://entity.api.hubmapconsortium.org/entities/f412e76986c1012ea9589d545ed8f043",
  "dataset_link": "https://portal.hubmapconsortium.org/browse/dataset/f412e76986c1012ea9589d545ed8f043",
  "dataset_technology": "OTHER",
  "dataset_info": "salmon_rnaseq_10x__76627e9a5a369c5230b9da216fe20eb3__salmon-rnaseq",
  "consortium_name": "HuBMAP",
  "provider_name": "University of Florida TMC",
  "provider_uuid": "07a29e4c-ed43-11e8-b56a-0e8017bdda58",
  "donor_id": "https://entity.api.hubmapconsortium.org/entities/4b257b9c1758a98af262c57bc0caa726",
  "donor_age": 18,
  "donor_sex": "Male",
  "donor_bmi": 25.5,
  "donor_race": "White",
  "organ_id": "http://purl.obolibrary.org/obo/UBERON_0002106",
  "block_id": "https://entity.api.hubmapconsortium.org/entities/f476b8b9818c3f6e2f430bddbda2d3fe",
  "section_id": "https://entity.api.hubmapconsortium.org/entities/d3525d35f6d5ee3dc3186613b0ab1762",
  "rui_location": "",
  "dataset_cell_count": 16047,
  "dataset_gene_count": 60286
}