{
  "id": "HBM468.ZZVX.652",
  "handler": "hubmap",
  "organ": "UBERON:0000059",
  "organ_source": "LI",
  "uuid": "7edbff53248f2a2c8e74f5f955681734",
  "assay_type": "salmon_rnaseq_10x_sn",
  "dataset_id": "https://entity.api.hubmapconsortium.org/entities/7edbff53248f2a2c8e74f5f955681734",
  "dataset_link": "https://portal.hubmapconsortium.org/browse/dataset/7edbff53248f2a2c8e74f5f955681734",
  "dataset_technology": "OTHER",
  "dataset_info": "salmon_rnaseq_10x_sn__d367010937ddd3f4739a2b57a5c66dd3__salmon-rnaseq",
  "consortium_name": "HuBMAP",
  "provider_name": "Stanford TMC",
  "provider_uuid": "def5fd76-ed43-11e8-b56a-0e8017bdda58",
  "donor_id": "https://entity.api.hubmapconsortium.org/entities/1628b6f7eb615862322d6274a6bc9fa0",
  "donor_age": 67,
  "donor_sex": "Female",
  "donor_bmi": 30.2,
  "donor_race": "White",
  "organ_id": "http://purl.obolibrary.org/obo/UBERON_0000059",
  "block_id": "https://entity.api.hubmapconsortium.org/entities/3d742332ef8ca26f34f7ee5b9da3381c",
  "section_id": "",
  "rui_location": {
    "@context": "https://hubmapconsortium.github.io/hubmap-ontology/ccf-context.jsonld",
    "@id": "http://purl.org/ccf/1.5/6cc00882-7403-4eca-8f50-03eebfc8c873",
    "@type": "SpatialEntity",
    "ccf_annotations": [
      "http://purl.obolibrary.org/obo/UBERON_0001156",
      "http://purl.obolibrary.org/obo/UBERON_0001158",
      "http://purl.obolibrary.org/obo/UBERON_0022276"
    ],
    "creation_date": "2022-02-16",
    "creator": "Yiing Lin",
    "creator_first_name": "Yiing",
    "creator_last_name": "Lin",
    "dimension_units": "millimeter",
    "placement": {
      "@context": "https://hubmapconsortium.github.io/hubmap-ontology/ccf-context.jsonld",
      "@id": "http://purl.org/ccf/1.5/6cc00882-7403-4eca-8f50-03eebfc8c873_placement",
      "@type": "SpatialPlacement",
      "placement_date": "2022-02-16",
      "rotation_order": "XYZ",
      "rotation_units": "degree",
      "scaling_units": "ratio",
      "target": "http://purl.org/ccf/latest/ccf.owl#VHFLargeIntestine",
      "translation_units": "millimeter",
      "x_rotation": 0,
      "x_scaling": 1,
      "x_translation": 230.572,
      "y_rotation": 90,
      "y_scaling": 1,
      "y_translation": 164.066,
      "z_rotation": 0,
      "z_scaling": 1,
      "z_translation": 103.282
    },
    "slice_count": 1,
    "slice_thickness": 1,
    "x_dimension": 20,
    "y_dimension": 50,
    "z_dimension": 5
  },
  "dataset_cell_count": 5995,
  "dataset_gene_count": 60286
}