{
  "id": "GTEX-15RIE-5015-SM-H8L6X",
  "handler": "gtex",
  "organ": "UBERON:0000948",
  "dataset_id": "https://doi.org/10.1126/science.abl4290#GTEX-15RIE-5015-SM-H8L6X",
  "publication": "https://doi.org/10.1126/science.abl4290",
  "publication_title": "Single-nucleus cross-tissue molecular reference maps toward understanding disease gene function",
  "publication_lead_author": "Gökcen Eraslan",
  "consortium_name": "GTEx",
  "provider_name": "GTEx",
  "provider_uuid": "083882bb-6cc6-4c12-a205-eac37c1a2640",
  "dataset_link": "https://gtexportal.org/home/singleCellOverviewPage",
  "dataset_technology": "OTHER",
  "organ_source": "Heart",
  "organ_id": "http://purl.obolibrary.org/obo/UBERON_0000948",
  "donor_sex": "Male",
  "donor_age_bin": "61-70",
  "donor_id": "https://doi.org/10.1126/science.abl4290#GTEX-15RIE",
  "dataset_cell_count": 12067,
  "dataset_gene_count": 17695,
  "block_id": "https://doi.org/10.1126/science.abl4290#GTEX-15RIE-5015-SM-H8L6X_TissueBlock",
  "rui_location": "{\"@context\":\"https://hubmapconsortium.github.io/hubmap-ontology/ccf-context.jsonld\",\"@id\":\"http://purl.org/ccf/1.5/f6512db4-2809-4ffe-864d-ace61789dff6\",\"@type\":\"SpatialEntity\",\"creator\":\"Kristin Ardlie\",\"creator_first_name\":\"Kristin\",\"creator_last_name\":\"Ardlie\",\"creation_date\":\"2021-09-17\",\"ccf_annotations\":[\"http://purl.obolibrary.org/obo/UBERON_0002078\",\"http://purl.obolibrary.org/obo/UBERON_0002080\"],\"x_dimension\":10,\"y_dimension\":10,\"z_dimension\":8,\"dimension_units\":\"millimeter\",\"placement\":{\"@context\":\"https://hubmapconsortium.github.io/hubmap-ontology/ccf-context.jsonld\",\"@id\":\"http://purl.org/ccf/1.5/f6512db4-2809-4ffe-864d-ace61789dff6_placement\",\"@type\":\"SpatialPlacement\",\"placement_date\":\"2021-09-17\",\"x_scaling\":1,\"y_scaling\":1,\"z_scaling\":1,\"scaling_units\":\"ratio\",\"x_rotation\":-38,\"y_rotation\":0,\"z_rotation\":0,\"rotation_order\":\"XYZ\",\"rotation_units\":\"degree\",\"x_translation\":29.389,\"y_translation\":85.271,\"z_translation\":60.132,\"translation_units\":\"millimeter\",\"target\":\"http://purl.org/ccf/latest/ccf.owl#VHMHeart\"}}"
}