{
  "id": "HBM374.PCQG.742",
  "handler": "hubmap",
  "organ": "UBERON:0002108",
  "organ_source": "SI",
  "uuid": "0b528e5d674fadada32215c364f6fcaa",
  "assay_type": "salmon_rnaseq_10x_sn",
  "dataset_id": "https://entity.api.hubmapconsortium.org/entities/0b528e5d674fadada32215c364f6fcaa",
  "dataset_link": "https://portal.hubmapconsortium.org/browse/dataset/0b528e5d674fadada32215c364f6fcaa",
  "dataset_technology": "OTHER",
  "dataset_info": "salmon_rnaseq_10x_sn__986c769e5fe01c550b75e461a4fe8891__salmon-rnaseq",
  "consortium_name": "HuBMAP",
  "provider_name": "Stanford TMC",
  "provider_uuid": "def5fd76-ed43-11e8-b56a-0e8017bdda58",
  "donor_id": "https://entity.api.hubmapconsortium.org/entities/54e9f1a94821a716e8e1546aee7b0f7a",
  "donor_age": 24,
  "donor_sex": "Male",
  "donor_bmi": 22.9,
  "donor_race": "White",
  "organ_id": "http://purl.obolibrary.org/obo/UBERON_0002108",
  "block_id": "https://entity.api.hubmapconsortium.org/entities/e54d820ce002802fa5964b2a2ee841bb",
  "section_id": "",
  "rui_location": {
    "@context": "https://hubmapconsortium.github.io/hubmap-ontology/ccf-context.jsonld",
    "@id": "http://purl.org/ccf/1.5/e4a44b76-53fd-4c88-9ccf-ba095fcb9673",
    "@type": "SpatialEntity",
    "ccf_annotations": [
      "http://purl.obolibrary.org/obo/FMA_14966",
      "http://purl.obolibrary.org/obo/UBERON_0002116"
    ],
    "creation_date": "2022-06-08",
    "creator": "Yiing Lin",
    "creator_first_name": "Yiing",
    "creator_last_name": "Lin",
    "dimension_units": "millimeter",
    "placement": {
      "@context": "https://hubmapconsortium.github.io/hubmap-ontology/ccf-context.jsonld",
      "@id": "http://purl.org/ccf/1.5/e4a44b76-53fd-4c88-9ccf-ba095fcb9673_placement",
      "@type": "SpatialPlacement",
      "placement_date": "2022-06-08",
      "rotation_order": "XYZ",
      "rotation_units": "degree",
      "scaling_units": "ratio",
      "target": "http://purl.org/ccf/latest/ccf.owl#VHMSmallIntestine",
      "translation_units": "millimeter",
      "x_rotation": 0,
      "x_scaling": 1,
      "x_translation": 45.361,
      "y_rotation": 23,
      "y_scaling": 1,
      "y_translation": 72.859,
      "z_rotation": 49,
      "z_scaling": 1,
      "z_translation": 48.203
    },
    "x_dimension": 3,
    "y_dimension": 30,
    "z_dimension": 15
  },
  "dataset_cell_count": 759,
  "dataset_gene_count": 60286
}