{
  "id": "HBM696.FGSV.776",
  "handler": "hubmap",
  "organ": "UBERON:0000059",
  "organ_source": "LI",
  "uuid": "9b03c4c79ef7bcd1e8992cd50ed3f482",
  "assay_type": "salmon_rnaseq_10x_sn",
  "dataset_id": "https://entity.api.hubmapconsortium.org/entities/9b03c4c79ef7bcd1e8992cd50ed3f482",
  "dataset_link": "https://portal.hubmapconsortium.org/browse/dataset/9b03c4c79ef7bcd1e8992cd50ed3f482",
  "dataset_technology": "OTHER",
  "dataset_info": "salmon_rnaseq_10x_sn__d611a7de3a07bd5b88e669ece6a8c9b0__salmon-rnaseq",
  "consortium_name": "HuBMAP",
  "provider_name": "Stanford TMC",
  "provider_uuid": "def5fd76-ed43-11e8-b56a-0e8017bdda58",
  "donor_id": "https://entity.api.hubmapconsortium.org/entities/142d18f0a749d3d02d8b1addbca15589",
  "donor_age": 54,
  "donor_sex": "Female",
  "donor_bmi": 20.5,
  "donor_race": "Black or African American",
  "organ_id": "http://purl.obolibrary.org/obo/UBERON_0000059",
  "block_id": "https://entity.api.hubmapconsortium.org/entities/2a70c0c2648986e08b8c5b81e6561f68",
  "section_id": "",
  "rui_location": {
    "@context": "https://hubmapconsortium.github.io/hubmap-ontology/ccf-context.jsonld",
    "@id": "http://purl.org/ccf/1.5/32214c14-bf21-4bf6-aea9-58ab721128ab",
    "@type": "SpatialEntity",
    "ccf_annotations": [
      "http://purl.obolibrary.org/obo/UBERON_0001158",
      "http://purl.obolibrary.org/obo/UBERON_0022276"
    ],
    "creation_date": "2022-09-13",
    "creator": "Yiing Lin",
    "creator_first_name": "Yiing",
    "creator_last_name": "Lin",
    "dimension_units": "millimeter",
    "placement": {
      "@context": "https://hubmapconsortium.github.io/hubmap-ontology/ccf-context.jsonld",
      "@id": "http://purl.org/ccf/1.5/32214c14-bf21-4bf6-aea9-58ab721128ab_placement",
      "@type": "SpatialPlacement",
      "placement_date": "2022-09-13",
      "rotation_order": "XYZ",
      "rotation_units": "degree",
      "scaling_units": "ratio",
      "target": "http://purl.org/ccf/latest/ccf.owl#VHFLargeIntestine",
      "translation_units": "millimeter",
      "x_rotation": 0,
      "x_scaling": 1,
      "x_translation": 230.572,
      "y_rotation": 90,
      "y_scaling": 1,
      "y_translation": 164.066,
      "z_rotation": 0,
      "z_scaling": 1,
      "z_translation": 103.282
    },
    "slice_count": 1,
    "slice_thickness": 1,
    "x_dimension": 20,
    "y_dimension": 50,
    "z_dimension": 5
  },
  "dataset_cell_count": 4337,
  "dataset_gene_count": 60286
}