{
  "id": "HBM883.PHQS.523",
  "handler": "hubmap",
  "organ": "UBERON:0002113",
  "organ_source": "LK",
  "uuid": "aece0d5303d9ce959cdab34a9e9f3003",
  "assay_type": "salmon_rnaseq_slideseq",
  "dataset_id": "https://entity.api.hubmapconsortium.org/entities/aece0d5303d9ce959cdab34a9e9f3003",
  "dataset_link": "https://portal.hubmapconsortium.org/browse/dataset/aece0d5303d9ce959cdab34a9e9f3003",
  "dataset_technology": "OTHER",
  "dataset_info": "salmon_rnaseq_slideseq__a92aab96145d181dafcd9039c5255737__salmon-rnaseq-slideseq",
  "consortium_name": "HuBMAP",
  "provider_name": "Broad Institute RTI",
  "provider_uuid": "9c4a56ca-79ac-11ea-8359-0e41da796b5d",
  "donor_id": "https://entity.api.hubmapconsortium.org/entities/ab8258a97e0820c294d1f0ba2d261f61",
  "donor_age": 66,
  "donor_sex": "Male",
  "donor_bmi": 29.1,
  "donor_race": "White",
  "organ_id": "http://purl.obolibrary.org/obo/UBERON_0002113",
  "block_id": "https://entity.api.hubmapconsortium.org/entities/e7551f6e8258a9a8f6472464f05295fb",
  "section_id": "https://entity.api.hubmapconsortium.org/entities/1591f63f0efe8a1360112e45349fa242",
  "rui_location": {
    "@context": "https://hubmapconsortium.github.io/hubmap-ontology/ccf-context.jsonld",
    "@id": "http://purl.org/ccf/1.5/87be07c9-cf37-4001-a589-e2c048b5d3f3",
    "@type": "SpatialEntity",
    "ccf_annotations": [
      "http://purl.obolibrary.org/obo/UBERON_0002015",
      "http://purl.obolibrary.org/obo/UBERON_0001225",
      "http://purl.obolibrary.org/obo/UBERON_0002189"
    ],
    "creation_date": "2022-06-08",
    "creator": "Amanda Knoten",
    "creator_first_name": "Amanda",
    "creator_last_name": "Knoten",
    "dimension_units": "millimeter",
    "placement": {
      "@context": "https://hubmapconsortium.github.io/hubmap-ontology/ccf-context.jsonld",
      "@id": "http://purl.org/ccf/1.5/87be07c9-cf37-4001-a589-e2c048b5d3f3_placement",
      "@type": "SpatialPlacement",
      "placement_date": "2022-06-08",
      "rotation_order": "XYZ",
      "rotation_units": "degree",
      "scaling_units": "ratio",
      "target": "http://purl.org/ccf/latest/ccf.owl#VHMLeftKidney",
      "translation_units": "millimeter",
      "x_rotation": -28,
      "x_scaling": 1,
      "x_translation": 43.123,
      "y_rotation": 30,
      "y_scaling": 1,
      "y_translation": 10.499,
      "z_rotation": 0,
      "z_scaling": 1,
      "z_translation": 52.715
    },
    "x_dimension": 2,
    "y_dimension": 2,
    "z_dimension": 2
  },
  "dataset_cell_count": 26087,
  "dataset_gene_count": 60286
}