{
    "input_file": "/var/lib/cwl/stg50d2b68a-c6b3-4153-8419-c701cc4bb6f8/data.h5ad",
    "total_cells": 6017,
    "low_quality_cells": 40,
    "percent_low_quality": 0.66,
    "mean_pct_counts_mt": 0.0,
    "mean_pct_counts_ribo": 0.0,
    "thresholds": {
        "min_genes": 200,
        "max_genes": 7500,
        "max_mt": 5.0,
        "min_ribo": null,
        "mt_prefix": "MT-",
        "ribo_prefixes": [
            "RPS",
            "RPL"
        ]
    },
    "files": {
        "qc_per_cell_csv": "qc_results/qc_per_cell.csv",
        "qc_summary_csv": "qc_results/qc_summary.csv"
    }
}