{
  "id": "HBM949.XCRM.573",
  "handler": "hubmap",
  "organ": "UBERON:0002108",
  "organ_source": "SI",
  "uuid": "a56498f8e577a6caed934c83cbbb0bb3",
  "assay_type": "salmon_rnaseq_10x_sn",
  "dataset_id": "https://entity.api.hubmapconsortium.org/entities/a56498f8e577a6caed934c83cbbb0bb3",
  "dataset_link": "https://portal.hubmapconsortium.org/browse/dataset/a56498f8e577a6caed934c83cbbb0bb3",
  "dataset_technology": "OTHER",
  "dataset_info": "salmon_rnaseq_10x_sn__3f62a59458e0e45bfbac3af284d6a2bd__salmon-rnaseq",
  "consortium_name": "HuBMAP",
  "provider_name": "Stanford TMC",
  "provider_uuid": "def5fd76-ed43-11e8-b56a-0e8017bdda58",
  "donor_id": "https://entity.api.hubmapconsortium.org/entities/f84ff583687f3407636d8ce843b48ff0",
  "donor_age": 37,
  "donor_sex": "Male",
  "donor_bmi": 29.3,
  "donor_race": "White",
  "organ_id": "http://purl.obolibrary.org/obo/UBERON_0002108",
  "block_id": "https://entity.api.hubmapconsortium.org/entities/db4171ae4cb6ebcfca6479bc2090fd64",
  "section_id": "",
  "rui_location": {
    "@context": "https://hubmapconsortium.github.io/hubmap-ontology/ccf-context.jsonld",
    "@id": "http://purl.org/ccf/1.5/8023d0ab-338a-43c4-9f9b-d637220f1b8e",
    "@type": "SpatialEntity",
    "ccf_annotations": [
      "http://purl.obolibrary.org/obo/UBERON_0002115"
    ],
    "creation_date": "2022-06-08",
    "creator": "Yiing Lin",
    "creator_first_name": "Yiing",
    "creator_last_name": "Lin",
    "dimension_units": "millimeter",
    "placement": {
      "@context": "https://hubmapconsortium.github.io/hubmap-ontology/ccf-context.jsonld",
      "@id": "http://purl.org/ccf/1.5/8023d0ab-338a-43c4-9f9b-d637220f1b8e_placement",
      "@type": "SpatialPlacement",
      "placement_date": "2022-06-08",
      "rotation_order": "XYZ",
      "rotation_units": "degree",
      "scaling_units": "ratio",
      "target": "http://purl.org/ccf/latest/ccf.owl#VHMSmallIntestine",
      "translation_units": "millimeter",
      "x_rotation": 0,
      "x_scaling": 1,
      "x_translation": 156.141,
      "y_rotation": 0,
      "y_scaling": 1,
      "y_translation": 204.906,
      "z_rotation": 164,
      "z_scaling": 1,
      "z_translation": 31.088
    },
    "x_dimension": 3,
    "y_dimension": 30,
    "z_dimension": 15
  },
  "dataset_cell_count": 1464,
  "dataset_gene_count": 60286
}