{
  "id": "HBM268.RGJT.587",
  "handler": "hubmap",
  "organ": "UBERON:0002113",
  "organ_source": "LK",
  "uuid": "c05a38c5210b870281b5aea01e290339",
  "assay_type": "salmon_rnaseq_10x_sn",
  "dataset_id": "https://entity.api.hubmapconsortium.org/entities/c05a38c5210b870281b5aea01e290339",
  "dataset_link": "https://portal.hubmapconsortium.org/browse/dataset/c05a38c5210b870281b5aea01e290339",
  "dataset_technology": "OTHER",
  "dataset_info": "salmon_rnaseq_10x_sn__0487454555924b54dd3f5b5232e3c77e__salmon-rnaseq",
  "consortium_name": "HuBMAP",
  "provider_name": "University of California San Diego TMC",
  "provider_uuid": "03b3d854-ed44-11e8-8bce-0e368f3075e8",
  "donor_id": "https://entity.api.hubmapconsortium.org/entities/48b15ba8abfaef4e70edfdf173649b6c",
  "donor_age": 76,
  "donor_sex": "Male",
  "donor_bmi": 25.8,
  "donor_race": "White",
  "organ_id": "http://purl.obolibrary.org/obo/UBERON_0002113",
  "block_id": "https://entity.api.hubmapconsortium.org/entities/f7c5d23701bf7e9fd88b93aa0f48443d",
  "section_id": "https://entity.api.hubmapconsortium.org/entities/e01f6c015b59e6bfbcb8577323585d6b",
  "rui_location": {
    "@context": "https://hubmapconsortium.github.io/hubmap-ontology/ccf-context.jsonld",
    "@id": "http://purl.org/ccf/1.5/5166a7a1-bd21-4aa3-ba20-23453cb4c431",
    "@type": "SpatialEntity",
    "ccf_annotations": [
      "http://purl.obolibrary.org/obo/UBERON_0002015",
      "http://purl.obolibrary.org/obo/UBERON_0001225",
      "http://purl.obolibrary.org/obo/UBERON_0002189"
    ],
    "creation_date": "2022-09-23",
    "creator": "Amanda Knoten",
    "creator_first_name": "Amanda",
    "creator_last_name": "Knoten",
    "dimension_units": "millimeter",
    "placement": {
      "@context": "https://hubmapconsortium.github.io/hubmap-ontology/ccf-context.jsonld",
      "@id": "http://purl.org/ccf/1.5/5166a7a1-bd21-4aa3-ba20-23453cb4c431_placement",
      "@type": "SpatialPlacement",
      "placement_date": "2022-09-23",
      "rotation_order": "XYZ",
      "rotation_units": "degree",
      "scaling_units": "ratio",
      "target": "http://purl.org/ccf/latest/ccf.owl#VHMLeftKidney",
      "translation_units": "millimeter",
      "x_rotation": -14,
      "x_scaling": 1,
      "x_translation": 6.153,
      "y_rotation": -59,
      "y_scaling": 1,
      "y_translation": 90.25,
      "z_rotation": 25,
      "z_scaling": 1,
      "z_translation": 41.215
    },
    "x_dimension": 3,
    "y_dimension": 8,
    "z_dimension": 2
  },
  "dataset_cell_count": 7520,
  "dataset_gene_count": 60286
}