{
  "id": "HBM943.DFKN.947",
  "handler": "hubmap",
  "organ": "UBERON:0000948",
  "organ_source": "HT",
  "uuid": "c6bb00096b0cf40751f9d6003fb730c7",
  "assay_type": "salmon_rnaseq_sciseq",
  "dataset_id": "https://entity.api.hubmapconsortium.org/entities/c6bb00096b0cf40751f9d6003fb730c7",
  "dataset_link": "https://portal.hubmapconsortium.org/browse/dataset/c6bb00096b0cf40751f9d6003fb730c7",
  "dataset_technology": "OTHER",
  "dataset_info": "salmon_rnaseq_sciseq__e75d8b31cfdc5f412d3cdbc2441dc352__salmon-rnaseq-sciseq",
  "consortium_name": "HuBMAP",
  "provider_name": "California Institute of Technology TMC",
  "provider_uuid": "308f5ffc-ed43-11e8-b56a-0e8017bdda58",
  "donor_id": "https://entity.api.hubmapconsortium.org/entities/0721f575bacb2afae07935f07b456c58",
  "donor_age": 51,
  "donor_sex": "Male",
  "donor_bmi": 30.1,
  "donor_race": "White",
  "organ_id": "http://purl.obolibrary.org/obo/UBERON_0000948",
  "block_id": "https://entity.api.hubmapconsortium.org/entities/8b0a4cc904cadaccddd37633411fdbdd",
  "section_id": "",
  "rui_location": {
    "@context": "https://hubmapconsortium.github.io/hubmap-ontology/ccf-context.jsonld",
    "@id": "http://purl.org/ccf/1.5/886e391d-0151-46d3-8a51-084bf6a06910",
    "@type": "SpatialEntity",
    "ccf_annotations": [
      "http://purl.obolibrary.org/obo/UBERON_0002084",
      "http://purl.obolibrary.org/obo/UBERON_0002494",
      "http://purl.org/sig/ont/fma/fma72655",
      "http://purl.obolibrary.org/obo/UBERON_0002080",
      "http://purl.obolibrary.org/obo/UBERON_0002094"
    ],
    "creation_date": "2021-10-25",
    "creator": "Andreas Bueckle",
    "creator_first_name": "Andreas",
    "creator_last_name": "Bueckle",
    "dimension_units": "millimeter",
    "placement": {
      "@context": "https://hubmapconsortium.github.io/hubmap-ontology/ccf-context.jsonld",
      "@id": "http://purl.org/ccf/1.5/886e391d-0151-46d3-8a51-084bf6a06910_placement",
      "@type": "SpatialPlacement",
      "placement_date": "2021-10-25",
      "rotation_order": "XYZ",
      "rotation_units": "degree",
      "scaling_units": "ratio",
      "target": "http://purl.org/ccf/latest/ccf.owl#VHMHeart",
      "translation_units": "millimeter",
      "x_rotation": 41,
      "x_scaling": 1,
      "x_translation": 102.382,
      "y_rotation": 12,
      "y_scaling": 1,
      "y_translation": 54.602,
      "z_rotation": -25,
      "z_scaling": 1,
      "z_translation": 69.821
    },
    "x_dimension": 10,
    "y_dimension": 16,
    "z_dimension": 10
  },
  "dataset_cell_count": 65248,
  "dataset_gene_count": 60286
}