{
  "id": "HBM629.GSHG.922",
  "handler": "hubmap",
  "organ": "UBERON:0002113",
  "organ_source": "RK",
  "uuid": "56cbda4789f04d79c0c3dffe21816d48",
  "assay_type": "salmon_rnaseq_10x_sn",
  "dataset_id": "https://entity.api.hubmapconsortium.org/entities/56cbda4789f04d79c0c3dffe21816d48",
  "dataset_link": "https://portal.hubmapconsortium.org/browse/dataset/56cbda4789f04d79c0c3dffe21816d48",
  "dataset_technology": "OTHER",
  "dataset_info": "salmon_rnaseq_10x_sn__ccab7ac016bef55c42e1a99d28a95546__salmon-rnaseq",
  "consortium_name": "HuBMAP",
  "provider_name": "University of California San Diego TMC",
  "provider_uuid": "03b3d854-ed44-11e8-8bce-0e368f3075e8",
  "donor_id": "https://entity.api.hubmapconsortium.org/entities/b8f375d33daa5228782abd838d851b8d",
  "donor_age": 59,
  "donor_sex": "Female",
  "donor_bmi": 23.1,
  "donor_race": "White",
  "organ_id": "http://purl.obolibrary.org/obo/UBERON_0002113",
  "block_id": "https://entity.api.hubmapconsortium.org/entities/744f20be06ec72b749601754fb881955",
  "section_id": "https://entity.api.hubmapconsortium.org/entities/213873117fc096b44915f7c25e3d9af7",
  "rui_location": {
    "@context": "https://hubmapconsortium.github.io/ccf-ontology/ccf-context.jsonld",
    "@id": "http://purl.org/ccf/1.5/d77fd4d3-c410-42ea-ad28-7383b3338323",
    "@type": "SpatialEntity",
    "ccf_annotations": [
      "http://purl.obolibrary.org/obo/UBERON_0001222"
    ],
    "creation_date": "2024-03-29",
    "creator": "Amanda Knoten",
    "creator_first_name": "Amanda",
    "creator_last_name": "Knoten",
    "dimension_units": "millimeter",
    "placement": {
      "@context": "https://hubmapconsortium.github.io/ccf-ontology/ccf-context.jsonld",
      "@id": "http://purl.org/ccf/1.5/d77fd4d3-c410-42ea-ad28-7383b3338323_placement",
      "@type": "SpatialPlacement",
      "placement_date": "2024-03-29",
      "rotation_order": "XYZ",
      "rotation_units": "degree",
      "scaling_units": "ratio",
      "target": "http://purl.org/ccf/latest/ccf.owl#VHFRightUreter",
      "translation_units": "millimeter",
      "x_rotation": 0,
      "x_scaling": 1,
      "x_translation": 20.473,
      "y_rotation": 0,
      "y_scaling": 1,
      "y_translation": 201.625,
      "z_rotation": 0,
      "z_scaling": 1,
      "z_translation": 9.842
    },
    "x_dimension": 2,
    "y_dimension": 2,
    "z_dimension": 2
  },
  "dataset_cell_count": 8999,
  "dataset_gene_count": 60286
}