{
  "id": "HBM456.GRCM.369",
  "handler": "hubmap",
  "organ": "UBERON:0002048",
  "organ_source": "RL",
  "uuid": "a39fed027b51d97f83cec90c63c44744",
  "assay_type": "salmon_rnaseq_snareseq",
  "dataset_id": "https://entity.api.hubmapconsortium.org/entities/a39fed027b51d97f83cec90c63c44744",
  "dataset_link": "https://portal.hubmapconsortium.org/browse/dataset/a39fed027b51d97f83cec90c63c44744",
  "dataset_technology": "OTHER",
  "dataset_info": "salmon_rnaseq_snareseq__1bb63db033b3f7206a4d8c4ac4db1564_d615cc96a8606bb6819bed2a8d7f24ac_21cfe966008f784c47d0638e80b55ee0_500af39b83bfa9eb27f78746734f3db9__salmon-rnaseq-snareseq",
  "consortium_name": "HuBMAP",
  "provider_name": "University of California San Diego TMC",
  "provider_uuid": "03b3d854-ed44-11e8-8bce-0e368f3075e8",
  "donor_id": "https://entity.api.hubmapconsortium.org/entities/4397fcd072ac96299992b47da1dbae64",
  "donor_age": 37,
  "donor_sex": "Male",
  "donor_bmi": "",
  "donor_race": "Black or African American",
  "organ_id": "http://purl.obolibrary.org/obo/UBERON_0002048",
  "block_id": "https://entity.api.hubmapconsortium.org/entities/6e5e5be224d88f38aa390d0c389839c7",
  "section_id": "https://entity.api.hubmapconsortium.org/entities/27997171ea74885abbd91a99cac360d9",
  "rui_location": {
    "@context": "https://hubmapconsortium.github.io/hubmap-ontology/ccf-context.jsonld",
    "@id": "http://purl.org/ccf/1.5/95190b47-b491-448a-8e9b-06d804bf2aa1",
    "@type": "SpatialEntity",
    "ccf_annotations": [
      "http://purl.obolibrary.org/obo/UBERON_0002048",
      "http://purl.obolibrary.org/obo/UBERON_0002167",
      "http://purl.obolibrary.org/obo/UBERON_0002174",
      "http://purl.org/sig/ont/fma/fma7360",
      "http://purl.obolibrary.org/obo/UBERON_0002185",
      "http://purl.obolibrary.org/obo/UBERON_0002184",
      "http://purl.org/sig/ont/fma/fma7361"
    ],
    "creation_date": "2021-09-23",
    "creator": "Gloria Pryhuber",
    "creator_first_name": "Gloria",
    "creator_last_name": "Pryhuber",
    "dimension_units": "millimeter",
    "placement": {
      "@context": "https://hubmapconsortium.github.io/hubmap-ontology/ccf-context.jsonld",
      "@id": "http://purl.org/ccf/1.5/95190b47-b491-448a-8e9b-06d804bf2aa1_placement",
      "@type": "SpatialPlacement",
      "placement_date": "2021-09-23",
      "rotation_order": "XYZ",
      "rotation_units": "degree",
      "scaling_units": "ratio",
      "target": "http://purl.org/ccf/latest/ccf.owl#VHMLung",
      "translation_units": "millimeter",
      "x_rotation": 60,
      "x_scaling": 1,
      "x_translation": 62.531,
      "y_rotation": -1,
      "y_scaling": 1,
      "y_translation": 93.554,
      "z_rotation": 3,
      "z_scaling": 1,
      "z_translation": 150.715
    },
    "x_dimension": 10,
    "y_dimension": 10,
    "z_dimension": 5
  },
  "dataset_cell_count": 100957,
  "dataset_gene_count": 60286
}