{
    "input_file": "/var/lib/cwl/stgc85e54d3-c1f9-4ea1-923b-4849da224ded/data.h5ad",
    "total_cells": 3188,
    "low_quality_cells": 11,
    "percent_low_quality": 0.35,
    "mean_pct_counts_mt": 0.0,
    "mean_pct_counts_ribo": 0.0,
    "thresholds": {
        "min_genes": 200,
        "max_genes": 7500,
        "max_mt": 5.0,
        "min_ribo": null,
        "mt_prefix": "MT-",
        "ribo_prefixes": [
            "RPS",
            "RPL"
        ]
    },
    "files": {
        "qc_per_cell_csv": "qc_results/qc_per_cell.csv",
        "qc_summary_csv": "qc_results/qc_summary.csv"
    }
}