{
  "id": "SNT754.XMHG.982",
  "handler": "sennet",
  "organ": "UBERON:0002107",
  "organ_source": "LV",
  "uuid": "dfcaf1bf0bf4a73bfbd37aa1565a0b70",
  "assay_type": "salmon_rnaseq_10x_sn",
  "dataset_id": "https://entity.api.sennetconsortium.org/entities/dfcaf1bf0bf4a73bfbd37aa1565a0b70",
  "dataset_link": "https://data.sennetconsortium.org/dataset?uuid=dfcaf1bf0bf4a73bfbd37aa1565a0b70",
  "dataset_technology": "OTHER",
  "dataset_info": "salmon_rnaseq_10x_sn__6e24083668bdaf96c154077c84b37266__salmon-rnaseq",
  "consortium_name": "SenNet",
  "provider_name": "TMC - Washington University",
  "provider_uuid": "0ebc13fb-ee72-11ec-87fd-31892bd489e1",
  "donor_id": "https://entity.api.sennetconsortium.org/entities/8e9308decac252504d2079fd29eacb8b",
  "donor_age": 37,
  "donor_sex": "Male",
  "donor_bmi": 29.19,
  "donor_race": "White",
  "organ_id": "http://purl.obolibrary.org/obo/UBERON_0002107",
  "block_id": "https://entity.api.sennetconsortium.org/entities/08190f0e64e5862ab6aebdf0bf3c6de5",
  "section_id": "https://entity.api.sennetconsortium.org/entities/82d2c2f1ad2a5bdd67ab523a9fc5e1bf",
  "rui_location": {
    "@context": "https://hubmapconsortium.github.io/ccf-ontology/ccf-context.jsonld",
    "@id": "http://purl.org/ccf/1.5/67e5f7e1-7b82-4aff-890e-9f8fc1f5c89b",
    "@type": "SpatialEntity",
    "ccf_annotations": [
      "http://purl.obolibrary.org/obo/UBERON_0016479",
      "http://purl.obolibrary.org/obo/UBERON_0006727"
    ],
    "creation_date": "2023-05-11",
    "creator": "Matthew Wyczalkowski",
    "creator_first_name": "Matthew",
    "creator_last_name": "Wyczalkowski",
    "dimension_units": "millimeter",
    "placement": {
      "@context": "https://hubmapconsortium.github.io/ccf-ontology/ccf-context.jsonld",
      "@id": "http://purl.org/ccf/1.5/67e5f7e1-7b82-4aff-890e-9f8fc1f5c89b_placement",
      "@type": "SpatialPlacement",
      "placement_date": "2023-05-11",
      "rotation_order": "XYZ",
      "rotation_units": "degree",
      "scaling_units": "ratio",
      "target": "http://purl.org/ccf/latest/ccf.owl#VHMLiver",
      "translation_units": "millimeter",
      "x_rotation": 0,
      "x_scaling": 1,
      "x_translation": 129.547,
      "y_rotation": 0,
      "y_scaling": 1,
      "y_translation": 75.445,
      "z_rotation": 0,
      "z_scaling": 1,
      "z_translation": 182.878
    },
    "x_dimension": 20,
    "y_dimension": 15,
    "z_dimension": 10
  },
  "dataset_cell_count": 11000,
  "dataset_gene_count": 60286
}