{
    "input_file": "/var/lib/cwl/stge92d1dd5-080f-43ac-9ae7-6e5e749035c3/data.h5ad",
    "total_cells": 445,
    "low_quality_cells": 393,
    "percent_low_quality": 88.31,
    "mean_pct_counts_mt": 0.0,
    "mean_pct_counts_ribo": 0.0,
    "thresholds": {
        "min_genes": 200,
        "max_genes": 7500,
        "max_mt": 5.0,
        "min_ribo": null,
        "mt_prefix": "MT-",
        "ribo_prefixes": [
            "RPS",
            "RPL"
        ]
    },
    "files": {
        "qc_per_cell_csv": "qc_results/qc_per_cell.csv",
        "qc_summary_csv": "qc_results/qc_summary.csv"
    }
}