{
    "input_file": "/var/lib/cwl/stgd80e5b56-eb2e-48ed-81f8-8cd83e5eebf2/data.h5ad",
    "total_cells": 3140,
    "low_quality_cells": 12,
    "percent_low_quality": 0.38,
    "mean_pct_counts_mt": 0.0,
    "mean_pct_counts_ribo": 0.0,
    "thresholds": {
        "min_genes": 200,
        "max_genes": 7500,
        "max_mt": 5.0,
        "min_ribo": null,
        "mt_prefix": "MT-",
        "ribo_prefixes": [
            "RPS",
            "RPL"
        ]
    },
    "files": {
        "qc_per_cell_csv": "qc_results/qc_per_cell.csv",
        "qc_summary_csv": "qc_results/qc_summary.csv"
    }
}